Div,Date,HomeTeam,AwayTeam,FTHG,FTAG,FTR,HTHG,HTAG,HTR,B365H,B365D,B365A,BWH,BWD,BWA,IWH,IWD,IWA,LBH,LBD,LBA,PSH,PSD,PSA,WHH,WHD,WHA,VCH,VCD,VCA,Bb1X2,BbMxH,BbAvH,BbMxD,BbAvD,BbMxA,BbAvA,BbOU,BbMx>2.5,BbAv>2.5,BbMx<2.5,BbAv<2.5,BbAH,BbAHh,BbMxAHH,BbAvAHH,BbMxAHA,BbAvAHA,PSCH,PSCD,PSCA
SC1,07/08/15,Rangers,St Mirren,3,1,H,2,1,H,1.44,4.5,6.5,1.4,4,7,1.45,3.9,6,1.53,4.33,6,1.45,4.73,7.7,1.5,4.2,6.5,1.44,4.6,7.5,43,1.53,1.43,4.73,4.3,7.7,6.64,42,1.8,1.71,2.15,2.05,25,-1.25,2.04,1.97,1.89,1.82,1.45,4.74,7.74
SC1,08/08/15,Dumbarton,Hibernian,2,1,H,1,1,D,8,4.5,1.4,6.75,4,1.4,6,3.9,1.45,7.5,4.2,1.44,8.55,4.87,1.4,7,4.5,1.44,8,4.75,1.4,41,8.55,6.98,4.87,4.44,1.45,1.39,36,1.71,1.65,2.2,2.12,24,1.25,2.01,1.91,1.98,1.88,9.47,5.09,1.37
SC1,08/08/15,Morton,Falkirk,1,1,D,0,1,A,2.8,3.75,2.25,2.65,3.5,2.25,2.8,3.1,2.3,3,3.3,2.15,3.23,3.54,2.26,3,3.4,2.3,3.13,3.5,2.25,41,3.23,2.9,3.75,3.39,2.3,2.23,41,1.91,1.83,2.01,1.92,25,0.25,1.93,1.86,2.03,1.93,3.45,3.6,2.16
SC1,08/08/15,Queen of Sth,Alloa,3,1,H,3,0,H,1.57,4,5.5,1.6,3.75,4.5,1.6,3.6,4.8,1.55,3.8,5.5,1.57,4.21,6.17,1.65,4,5,1.6,4.1,5.5,41,1.67,1.57,4.21,3.85,6.17,5.16,36,1.84,1.75,2.05,1.99,23,-0.75,1.8,1.74,2.19,2.05,1.65,4.07,5.62
SC1,08/08/15,Raith Rvs,Livingston,3,0,H,2,0,H,2.15,3.3,3.4,1.95,3.4,3.3,2.1,3.2,3.1,2.1,3.3,3.1,2.22,3.54,3.32,2.25,3.4,3.1,2.2,3.5,3.25,41,2.25,2.12,3.6,3.37,3.4,3.13,41,1.93,1.84,1.98,1.9,18,-0.25,1.93,1.86,1.97,1.9,2.26,3.41,3.41
SC1,15/08/15,Falkirk,Raith Rvs,1,0,H,0,0,D,1.7,3.8,4.75,1.75,3.6,3.9,1.8,3.7,3.7,1.83,3.75,4,1.78,3.86,4.7,1.83,3.75,4,1.75,3.8,4.6,43,1.83,1.74,3.86,3.63,4.75,4.18,37,1.84,1.76,2.1,1.98,24,-0.5,1.81,1.74,2.15,2.07,1.79,3.87,4.56
SC1,15/08/15,Hibernian,Morton,1,0,H,0,0,D,1.3,5.5,8.5,1.28,5.25,7.5,1.3,4.4,8.5,1.33,5,9,1.35,5.25,9.67,1.33,5,9,1.33,5.2,9.5,43,1.35,1.31,5.5,4.91,9.67,8.25,37,1.7,1.65,2.21,2.13,26,-1.5,2.08,1.99,1.87,1.81,1.33,5.55,10.12
SC1,15/08/15,Livingston,Queen of Sth,0,1,A,0,0,D,3,3.75,2.15,3.25,3.4,1.95,3.2,3.3,2,3.2,3.4,2.2,3.31,3.57,2.21,3.2,3.4,2.2,3.2,3.5,2.2,43,3.31,3.11,3.75,3.37,2.24,2.11,36,1.88,1.78,2.1,1.95,23,0.5,1.73,1.68,2.25,2.16,3.4,3.58,2.19
SC1,15/08/15,St Mirren,Dumbarton,1,2,A,0,1,A,1.36,4.75,8,1.36,4.5,6.5,1.4,4,6.5,1.44,4.33,7,1.39,5.05,8.6,1.44,4.33,7,1.36,5,8.5,43,1.44,1.36,5.05,4.58,8.6,7.39,36,1.62,1.58,2.43,2.26,25,-1.25,1.92,1.83,2.06,1.98,1.57,4.56,5.68
SC1,16/08/15,Alloa,Rangers,1,5,A,1,4,A,8,6,1.3,6.5,5,1.33,7.5,4.2,1.35,7.5,5,1.4,8.9,5.07,1.38,7,5,1.4,8.5,5,1.36,43,9,7.52,6,4.81,1.4,1.34,36,1.65,1.59,2.4,2.24,23,1.25,2.06,2,1.85,1.8,12.09,6.03,1.28
SC1,21/08/15,Morton,St Mirren,0,0,D,0,0,D,2.9,3.8,2.2,3,3.5,2.05,3.3,3.2,2,2.9,3.75,2.2,3.14,3.58,2.31,3.3,3.5,2.1,3,3.5,2.3,39,3.3,2.98,3.8,3.39,2.31,2.18,39,1.88,1.79,2.08,1.96,19,0.25,1.92,1.84,2.05,1.94,3.08,3.61,2.34
SC1,22/08/15,Dumbarton,Queen of Sth,0,2,A,0,1,A,3.5,3.6,2,3.2,3.4,2,3.3,3.2,2,3.5,3.4,1.91,3.68,3.66,2.04,3.6,3.4,2.05,3.7,3.6,2,39,3.7,3.41,3.66,3.45,2.1,1.98,39,1.81,1.73,2.15,2.02,24,0.5,1.87,1.82,2.06,1.98,3.52,3.54,2.16
SC1,22/08/15,Livingston,Falkirk,1,2,A,0,1,A,3,3.6,2.2,3.1,3.3,2.05,3,3.3,2.1,3,3.2,2.2,3.3,3.47,2.25,3.1,3.3,2.3,3,3.5,2.3,39,3.3,3.01,3.6,3.33,2.34,2.19,39,1.93,1.84,1.98,1.9,23,0.25,1.95,1.84,2.02,1.95,3.38,3.42,2.26
SC1,22/08/15,Raith Rvs,Alloa,3,0,H,0,0,D,2,3.5,3.6,1.8,3.5,3.75,1.75,3.3,4.2,1.91,3.4,3.6,1.99,3.65,3.87,2,3.5,3.6,2,3.6,3.75,39,2,1.92,3.65,3.46,4.2,3.58,34,1.86,1.77,2.02,1.96,24,-0.5,2.01,1.93,1.95,1.86,1.71,4.15,4.92
SC1,23/08/15,Rangers,Hibernian,1,0,H,0,0,D,1.55,4,5.75,1.5,3.9,5.25,1.5,3.8,5.5,1.62,4.1,5,1.57,4.36,5.87,1.62,3.8,5.5,1.6,4.3,5.25,38,1.62,1.54,4.36,3.97,6,5.31,33,1.67,1.6,2.3,2.2,23,-1,2.07,1.98,1.87,1.82,1.56,4.37,6.31
SC1,28/08/15,Falkirk,Dumbarton,2,1,H,2,1,H,1.53,4.33,5.5,1.55,3.5,5.5,1.6,3.6,4.8,1.53,4.33,5.5,1.63,4.22,5.58,1.55,4,6,1.57,4.3,5.5,37,1.63,1.56,4.33,4.01,6,5.2,31,1.74,1.67,2.21,2.1,20,-1,2.06,1.98,1.86,1.79,1.71,4.22,4.8
SC1,29/08/15,Alloa,Morton,0,1,A,0,0,D,3.1,3.5,2.2,2.65,3.25,2.35,2.5,3.2,2.5,2.88,3.3,2.25,2.97,3.53,2.41,2.88,3.4,2.4,3.1,3.6,2.25,37,3.1,2.86,3.6,3.39,2.5,2.27,31,1.81,1.74,2.08,2,19,0,2.25,2.16,1.8,1.68,3.32,3.58,2.22
SC1,29/08/15,Hibernian,Raith Rvs,2,0,H,1,0,H,1.44,4,8,1.44,4.2,5.75,1.4,4,6.5,1.44,4.2,6,1.49,4.67,6.76,1.53,4,6.5,1.5,4.5,6.5,36,1.53,1.44,4.67,4.22,8,6.27,30,1.71,1.67,2.24,2.09,22,-1,1.84,1.78,2.08,2.02,1.42,4.83,8.31
SC1,29/08/15,St Mirren,Livingston,1,1,D,1,1,D,1.83,3.6,4.2,1.75,3.5,4,1.8,3.2,4,1.83,3.5,3.8,1.88,3.75,4.19,1.83,3.6,4.2,1.87,3.75,4,37,1.91,1.82,3.75,3.54,4.33,3.91,30,1.81,1.73,2.07,2.01,17,-0.75,2.17,2.1,1.77,1.71,2.3,3.38,3.32
SC1,30/08/15,Queen of Sth,Rangers,1,5,A,0,1,A,7,4.33,1.44,6,4.2,1.42,7.5,4.2,1.35,7,4,1.5,6.66,4.84,1.47,7,4.5,1.44,7,4.6,1.45,36,7.5,6.4,4.84,4.43,1.5,1.42,29,1.63,1.57,2.4,2.26,23,1.25,1.85,1.79,2.08,2.01,9.09,4.6,1.42
SC1,05/09/15,Dumbarton,Alloa,0,2,A,0,0,D,1.91,3.6,3.75,1.83,3.7,3.4,1.9,3.2,3.6,1.8,3.6,3.8,1.83,3.92,4.28,1.91,3.5,3.6,1.85,3.9,4,41,1.91,1.81,3.92,3.63,4.28,3.77,33,1.74,1.67,2.21,2.1,23,-0.5,1.87,1.82,2.07,1.98,1.65,4.1,5.53
SC1,05/09/15,Livingston,Morton,2,4,A,0,1,A,2.25,3.75,2.8,2.2,3.4,2.75,2.4,3.1,2.7,2.2,3.25,2.9,2.31,3.52,3.15,2.3,3.25,2.88,2.25,3.5,3.1,41,2.4,2.23,3.75,3.37,3.15,2.87,38,1.93,1.84,1.99,1.9,22,-0.25,2.02,1.95,1.91,1.85,2.46,3.51,2.95
SC1,05/09/15,Queen of Sth,St Mirren,0,2,A,0,2,A,1.91,3.5,4,1.87,3.25,3.7,2,3.2,3.3,1.91,3.3,3.6,1.91,3.64,4.24,2,3.4,3.4,1.95,3.6,3.9,41,2,1.91,3.64,3.42,4.24,3.66,33,1.98,1.84,1.96,1.89,20,-0.25,1.74,1.67,2.26,2.18,1.97,3.65,4.03
SC1,05/09/15,Rangers,Raith Rvs,5,0,H,2,0,H,1.14,8,15,1.14,6.75,11.5,1.17,5.7,12,1.17,7,15,1.17,8.58,15.93,1.17,6.5,13,1.15,8,17,41,1.17,1.14,8.58,6.94,18.21,14.44,31,1.45,1.39,3,2.78,25,-2,1.92,1.8,2.05,1.99,1.12,10.25,27.62
SC1,12/09/15,Hibernian,Alloa,3,0,H,1,0,H,1.22,6.5,11,1.17,5.5,13,1.2,5.2,11,1.22,6,13,1.24,6.56,14.58,1.25,5.5,13,1.2,6.5,15,35,1.26,1.19,6.56,5.78,15,12.84,25,1.62,1.55,2.51,2.32,22,-1.75,1.87,1.82,2.06,1.98,1.22,6.98,15.7
SC1,12/09/15,Morton,Dumbarton,0,0,D,0,0,D,2,3.4,3.75,1.95,3.4,3.25,2,3.3,3.2,2,3.3,3.6,2.06,3.65,3.69,2.05,3.4,3.6,2,3.6,3.6,36,2.09,1.98,3.65,3.39,3.75,3.46,31,1.91,1.83,2.02,1.92,22,-0.5,2.06,1.99,1.85,1.8,2.1,3.65,3.57
SC1,12/09/15,Raith Rvs,Queen of Sth,1,0,H,0,0,D,3.2,3.5,2.15,2.9,3.3,2.15,3,3.3,2.1,3,3.3,2.25,3.1,3.58,2.34,3,3.4,2.3,3.1,3.5,2.25,35,3.2,2.95,3.6,3.37,2.34,2.2,26,1.8,1.73,2.1,2.02,22,0.25,1.93,1.86,2.01,1.93,2.87,3.32,2.63
SC1,12/09/15,Rangers,Livingston,3,0,H,2,0,H,1.1,9,21,1.09,8,14.5,1.1,7,15,1.12,9.5,23,1.14,9.42,22.62,1.12,8,21,1.1,9.5,31,35,1.14,1.09,9.81,8.23,31,21.52,32,1.4,1.37,3,2.88,19,-2.25,1.76,1.73,2.17,2.1,1.09,11.5,37.5
SC1,12/09/15,St Mirren,Falkirk,2,3,A,2,0,H,2.6,3.6,2.5,2.5,3.4,2.4,2.4,3.1,2.7,2.7,3.25,2.6,2.75,3.48,2.64,2.75,3.2,2.62,2.7,3.4,2.6,35,2.75,2.6,3.6,3.3,2.7,2.5,31,1.96,1.88,1.97,1.88,23,0,2.02,1.93,1.91,1.85,3.08,3.42,2.42
SC1,18/09/15,St Mirren,Raith Rvs,1,2,A,1,1,D,2.15,3.6,3.1,2.05,3.3,3.1,2.1,3.1,3.2,2.15,3.4,3.25,2.15,3.63,3.45,2.05,3.6,3.4,2.2,3.5,3.2,40,2.22,2.1,3.63,3.41,3.5,3.17,31,1.84,1.76,2.1,1.97,15,-0.5,2.21,2.15,1.76,1.71,2.14,3.63,3.48
SC1,19/09/15,Alloa,Falkirk,1,1,D,0,0,D,5.25,3.75,1.65,4.2,3.5,1.72,3.8,3.2,1.85,4.75,3.8,1.67,,,,4.5,3.75,1.75,5,3.8,1.7,35,5.25,4.4,3.9,3.63,1.85,1.69,22,1.79,1.69,2.2,2.06,20,0.75,2,1.94,1.9,1.85,7.75,4.58,1.47
SC1,19/09/15,Dumbarton,Rangers,1,2,A,0,0,D,17,7.5,1.14,12,6,1.16,13,6,1.15,17,7.5,1.17,,,,17,7,1.17,19,7.5,1.15,35,19,15.32,8.1,6.58,1.18,1.15,21,1.51,1.44,2.8,2.59,19,2.25,1.82,1.76,2.11,2.03,27.82,10.86,1.11
SC1,19/09/15,Livingston,Hibernian,0,1,A,0,0,D,6.5,4.33,1.45,5.25,4.1,1.48,5.5,3.8,1.5,6.5,4.33,1.48,,,,6,4.2,1.53,7.5,4.4,1.45,35,7.5,5.96,4.55,4.19,1.53,1.46,20,1.7,1.66,2.23,2.1,20,1.25,1.86,1.78,2.11,2.02,7.64,4.92,1.45
SC1,19/09/15,Queen of Sth,Morton,2,2,D,1,1,D,1.85,3.8,3.8,1.95,3.4,3.3,1.9,3.2,3.6,1.95,3.4,3.8,,,,2,3.4,3.75,1.95,3.6,3.9,35,2,1.92,3.8,3.43,3.9,3.58,24,1.91,1.83,2,1.9,20,-0.5,1.98,1.91,1.95,1.88,2.07,3.63,3.69
SC1,25/09/15,Falkirk,Queen of Sth,0,0,D,0,0,D,1.95,3.6,3.6,2,3.3,3.25,1.85,3.2,3.8,2,3.5,3.6,2.13,3.59,3.54,1.95,3.6,3.6,2.05,3.6,3.6,40,2.15,2.02,3.6,3.38,3.8,3.39,32,1.97,1.85,1.95,1.88,22,-0.5,2.21,2.08,1.84,1.74,2.31,3.55,3.17
SC1,26/09/15,Alloa,Livingston,0,3,A,0,1,A,2.63,3.5,2.5,2.4,3.4,2.5,2.4,3.1,2.7,2.7,3.4,2.4,2.83,3.55,2.53,2.7,3.4,2.5,2.7,3.5,2.55,39,2.83,2.64,3.55,3.31,2.7,2.44,31,1.84,1.77,2.05,1.96,21,0,2.06,1.96,1.88,1.82,3.13,3.41,2.4
SC1,26/09/15,Hibernian,St Mirren,1,1,D,1,1,D,1.44,4.5,6.5,1.44,3.9,6.25,1.5,3.8,5.5,1.44,4.33,6.5,1.44,4.88,7.65,1.44,4.5,7,1.45,4.6,7,39,1.5,1.41,4.88,4.34,7.65,6.6,31,1.76,1.71,2.13,2.04,14,-1,1.72,1.68,2.24,2.15,1.44,4.7,8.24
SC1,26/09/15,Raith Rvs,Dumbarton,1,0,H,0,0,D,1.85,3.6,4,1.95,3.4,3.3,1.9,3.2,3.6,1.91,3.6,3.75,1.97,3.8,3.84,1.95,3.5,3.8,1.93,3.75,3.8,39,2.02,1.9,3.8,3.52,4,3.56,31,1.75,1.7,2.15,2.05,22,-0.5,2.03,1.92,1.93,1.87,2.1,3.6,3.62
SC1,27/09/15,Morton,Rangers,0,4,A,0,3,A,11,6.5,1.22,9,6,1.2,9.5,4.8,1.25,11,6,1.25,12.2,6.85,1.25,11,6,1.25,13,6.5,1.22,39,13,10.63,6.85,5.82,1.25,1.21,28,1.45,1.4,3,2.76,23,1.75,2.03,1.95,1.91,1.84,18.9,7.6,1.18
SC1,03/10/15,Dumbarton,Livingston,2,1,H,1,1,D,2.3,3.6,2.88,2.2,3.4,2.75,2.2,3.1,3,2.3,3.3,3,2.35,3.43,3.18,2.4,3.4,2.8,2.38,3.4,3,41,2.4,2.28,3.6,3.29,3.18,2.86,37,2.03,1.94,1.88,1.81,21,-0.25,2.08,2,1.88,1.8,2.52,3.48,2.89
SC1,03/10/15,Queen of Sth,Hibernian,0,3,A,0,2,A,4,3.75,1.83,3.8,3.5,1.78,3.8,3.2,1.85,4,3.4,1.85,4.44,3.58,1.9,4,3.5,1.91,4.3,3.6,1.85,41,4.44,3.93,3.75,3.45,1.92,1.83,36,2.08,1.96,1.85,1.78,21,0.5,2,1.94,1.93,1.85,5.2,3.73,1.75
SC1,03/10/15,Raith Rvs,Morton,2,1,H,1,0,H,2.1,3.5,3.3,2.05,3.3,3.1,2.1,3.1,3.2,2.2,3.25,3.2,2.29,3.42,3.32,2.25,3.4,3.1,2.25,3.4,3.2,41,2.29,2.16,3.5,3.3,3.32,3.08,36,2.06,1.98,1.88,1.77,21,-0.25,1.97,1.91,1.93,1.88,2.3,3.53,3.21
SC1,03/10/15,Rangers,Falkirk,3,1,H,1,1,D,1.2,6.5,13,1.18,6,10,1.2,5.2,11,1.22,6,12,1.26,6.55,12.25,1.25,6,10,1.22,6.5,13,41,1.26,1.2,6.55,5.87,13,11.21,29,1.46,1.43,2.88,2.66,23,-1.75,1.85,1.79,2.08,2,1.18,7.5,19.5
SC1,03/10/15,St Mirren,Alloa,1,1,D,0,0,D,1.53,4.33,5.5,1.5,4.1,5,1.5,3.8,5.5,1.57,4,5.5,1.58,4.24,6.2,1.55,3.8,5.5,1.57,4.2,5.75,41,1.62,1.53,4.33,3.97,6.2,5.4,31,1.76,1.71,2.13,2.05,22,-1,2.02,1.95,1.92,1.84,1.52,4.46,6.85
SC1,10/10/15,Queen of Sth,Morton,1,0,H,1,0,H,2,3.4,3.75,1.8,3.6,3.6,1.9,3.2,3.6,2,3.5,3.6,2.06,3.62,3.73,2,3.4,3.75,1.98,3.6,3.75,41,2.06,1.94,3.62,3.39,3.75,3.52,36,1.92,1.86,1.98,1.88,22,-0.5,2.05,1.96,1.89,1.84,2.11,3.58,3.69
SC1,17/10/15,Alloa,Raith Rvs,0,1,A,0,0,D,4.33,3.5,1.83,3.7,3.4,1.83,4,3.2,1.8,3.8,3.5,1.91,4.08,3.64,1.96,3.8,3.5,1.95,3.9,3.6,1.95,39,4.33,3.71,3.8,3.47,1.98,1.89,31,1.89,1.77,2.06,1.96,22,0.5,1.96,1.89,1.99,1.9,4.73,3.79,1.8
SC1,17/10/15,Falkirk,Morton,1,0,H,0,0,D,1.73,3.75,4.5,1.7,3.7,4,1.7,3.4,4.3,1.75,3.6,4.5,1.78,3.84,4.8,1.8,3.8,4.2,1.75,3.8,4.6,39,1.8,1.73,3.9,3.67,4.8,4.25,31,1.84,1.72,2.11,2.01,21,-0.75,2.04,1.97,1.88,1.83,1.81,3.89,4.59
SC1,17/10/15,Hibernian,Dumbarton,4,2,H,3,1,H,1.3,5,11,1.33,4.6,7.25,1.4,4,6.5,1.33,5.25,9,1.33,5.75,9.56,1.36,5,8,1.3,5.75,9.5,39,1.4,1.3,5.75,4.98,11,8.62,30,1.62,1.52,2.6,2.39,19,-1.25,1.73,1.68,2.23,2.15,1.29,5.98,11.12
SC1,17/10/15,Livingston,St Mirren,0,1,A,0,1,A,2.75,3.6,2.38,2.75,3.4,2.2,2.7,3.5,2.15,2.75,3.4,2.4,2.88,3.58,2.48,2.75,3.4,2.5,2.8,3.5,2.45,39,2.88,2.7,3.75,3.38,2.5,2.37,30,1.83,1.75,2.1,2,19,0.25,1.79,1.73,2.17,2.08,3.11,3.49,2.37
SC1,17/10/15,Rangers,Queen of Sth,2,1,H,0,1,A,1.17,8,12,1.15,6.75,11,1.15,6,13,1.2,6,12,1.2,7.54,15.09,1.2,6,17,1.18,7.5,15,39,1.2,1.16,8,6.84,19,13.27,29,1.5,1.43,2.8,2.65,22,-2,1.97,1.89,1.99,1.9,1.16,8.31,19.26
SC1,20/10/15,Falkirk,Hibernian,0,1,A,0,1,A,4.5,3.75,1.73,3.9,3.4,1.78,4,3.2,1.8,4.5,3.6,1.73,5.05,3.86,1.75,4.4,3.5,1.8,5,3.75,1.7,45,5.25,4.38,3.86,3.56,1.83,1.73,39,2.01,1.92,1.92,1.84,21,0.5,2.21,2.09,1.78,1.72,4.55,3.81,1.83
SC1,24/10/15,Dumbarton,Falkirk,0,5,A,0,3,A,3.5,3.6,2,3.25,3.2,2.05,3.3,3.2,2,3.6,3.5,1.95,3.88,3.67,2,3.4,3.5,2.05,3.6,3.6,2,38,3.88,3.41,3.67,3.45,2.05,1.97,36,1.83,1.76,2.11,1.99,23,0.5,1.9,1.82,2.08,1.98,4.04,3.7,1.95
SC1,24/10/15,Morton,Alloa,1,0,H,0,0,D,1.57,3.75,6,1.6,3.6,4.75,1.6,3.6,4.8,1.62,3.8,5.5,1.61,4.08,6.13,1.67,3.8,5,1.65,3.9,5.4,41,1.67,1.6,4.08,3.73,6.13,5.16,36,1.96,1.86,1.99,1.89,19,-0.75,1.86,1.79,2.12,2,1.55,4.35,6.5
SC1,24/10/15,Queen of Sth,Livingston,1,4,A,1,0,H,1.83,3.4,4.5,1.67,3.5,4.4,1.7,3.4,4.3,1.83,3.5,4.2,1.88,3.71,4.4,1.83,3.5,4.33,1.83,3.75,4.2,41,1.88,1.79,3.75,3.48,4.6,4.12,36,1.92,1.8,2.02,1.94,18,-0.75,2.2,2.08,1.8,1.73,1.93,3.61,4.3
SC1,24/10/15,Raith Rvs,Hibernian,1,2,A,0,2,A,5,3.8,1.65,4.4,3.5,1.67,4.5,3.5,1.65,4.75,3.8,1.67,5.13,4.04,1.7,4.5,3.75,1.73,4.75,3.9,1.73,41,5.13,4.54,4.04,3.69,1.75,1.67,36,1.82,1.76,2.12,1.99,19,0.5,2.25,2.14,1.73,1.69,6.14,4.21,1.59
SC1,25/10/15,St Mirren,Rangers,0,1,A,0,1,A,9,5.5,1.3,7.5,4.75,1.3,7.5,4.2,1.35,10,5.25,1.3,10.94,5.62,1.31,9,4.5,1.36,11,5.5,1.29,39,11,8.88,5.62,5.05,1.36,1.29,30,1.58,1.55,2.5,2.32,22,1.5,2.02,1.93,1.97,1.86,12.36,5.24,1.32
SC1,31/10/15,Alloa,Queen of Sth,1,2,A,1,0,H,5,4.2,1.6,4.1,3.75,1.67,4.5,3.5,1.65,5,3.8,1.67,5.47,4,1.67,5,4,1.62,5,3.9,1.7,42,5.47,4.76,4.2,3.78,1.72,1.63,33,1.85,1.77,2.05,1.97,26,0.75,2.02,1.94,1.94,1.85,3.56,3.81,2.08
SC1,31/10/15,Dumbarton,Morton,1,2,A,0,1,A,2.7,3.8,2.3,2.6,3.6,2.25,3,3.1,2.2,2.75,3.4,2.4,2.87,3.57,2.49,2.75,3.6,2.4,2.75,3.5,2.5,42,3,2.69,3.8,3.43,2.5,2.35,38,1.91,1.79,2.08,1.96,26,0,2.11,2.02,1.86,1.77,2.9,3.61,2.48
SC1,31/10/15,Falkirk,St Mirren,3,0,H,2,0,H,2.1,3.8,3.1,2.1,3.7,2.75,2.2,3.1,3,2.25,3.3,2.88,2.2,3.55,3.4,2.25,3.4,3.1,2.2,3.5,3.25,42,2.3,2.14,3.8,3.37,3.4,3.08,38,2.02,1.91,1.91,1.83,24,0,1.65,1.58,2.45,2.33,2.25,3.44,3.45
SC1,31/10/15,Livingston,Raith Rvs,3,0,H,1,0,H,2.5,3.8,2.5,2.45,3.5,2.4,2.6,3.1,2.5,2.62,3.3,2.5,2.69,3.47,2.7,2.75,3.6,2.4,2.7,3.5,2.55,42,2.75,2.57,3.8,3.39,2.7,2.47,33,1.85,1.78,2.05,1.95,18,0.25,1.76,1.68,2.3,2.16,2.57,3.43,2.91
SC1,01/11/15,Hibernian,Rangers,2,1,H,1,0,H,3.8,3.6,1.91,3.8,3.4,1.8,4,3.2,1.8,3.8,3.5,1.95,4.01,3.65,1.97,4.33,3.5,1.85,4,3.6,1.91,41,4.33,3.74,3.65,3.44,1.97,1.88,37,1.91,1.81,2.01,1.93,25,0.5,1.98,1.89,2,1.89,3.55,3.65,2.13
SC1,07/11/15,Morton,Livingston,1,0,H,1,0,H,2.15,3.8,3,2.05,3.6,2.9,2.1,3.3,3,2.2,3.3,3.2,2.25,3.54,3.3,2.2,3.5,3.1,2.25,3.4,3.2,39,2.25,2.14,3.8,3.41,3.2,3.02,33,1.98,1.88,1.91,1.84,20,-0.25,1.96,1.89,1.94,1.89,2.57,3.47,2.83
SC1,07/11/15,Queen of Sth,Dumbarton,1,0,H,0,0,D,1.75,3.8,4.33,1.67,3.6,4.2,1.7,3.4,4.3,1.8,3.6,4.33,1.83,3.78,4.58,1.75,3.6,4.5,1.83,3.7,4.2,39,1.83,1.73,3.8,3.57,4.5,4.26,33,1.88,1.81,2,1.92,16,-0.75,2.11,2.02,1.83,1.77,1.65,4.05,5.63
SC1,07/11/15,Raith Rvs,Falkirk,1,2,A,1,1,D,3,3.5,2.25,2.6,3.4,2.3,2.7,3.2,2.3,3,3.4,2.3,3.19,3.51,2.32,2.75,3.5,2.4,2.9,3.5,2.38,39,3.04,2.83,3.55,3.36,2.4,2.27,30,1.83,1.76,2,1.95,20,0.25,1.84,1.79,2.06,1.99,3.38,3.6,2.19
SC1,07/11/15,Rangers,Alloa,4,0,H,3,0,H,1.07,10,34,1.05,9.25,21,1.05,9,20,1.09,12,26,1.09,13.5,25,1.08,9,41,1.06,13,41,36,1.09,1.05,13,10.52,41,27.13,27,1.25,1.22,4.5,3.99,15,-2.75,1.81,1.78,2.1,2.01,1.05,18.5,36
SC1,07/11/15,St Mirren,Hibernian,1,4,A,1,3,A,5.5,4,1.57,5,3.6,1.57,5,3.7,1.55,5,3.8,1.67,5.38,3.99,1.68,5.5,3.75,1.62,5.2,3.9,1.67,39,5.5,5.02,4,3.76,1.67,1.6,30,1.83,1.77,2,1.95,20,0.75,2.05,1.97,1.89,1.82,6.3,4.05,1.6
SC1,14/11/15,Falkirk,Alloa,5,0,H,3,0,H,1.33,5,9,1.33,4.33,8,1.45,3.9,6,1.36,5,8,1.38,5.39,8.38,1.33,5,9,1.36,5.4,8,45,1.45,1.33,5.4,4.87,9.5,7.99,32,1.62,1.55,2.5,2.33,18,-1.25,1.81,1.74,2.15,2.07,1.34,5.38,10.3
SC1,14/11/15,Morton,Queen of Sth,2,0,H,0,0,D,2.63,3.5,2.5,2.45,3.2,2.6,2.4,3.1,2.7,2.62,3.4,2.5,2.71,3.51,2.66,2.7,3.5,2.5,2.7,3.4,2.6,44,2.71,2.59,3.51,3.29,2.7,2.51,35,2,1.88,1.95,1.85,24,0,2.01,1.92,1.93,1.85,2.47,3.57,2.9
SC1,17/11/15,Hibernian,Livingston,2,1,H,0,0,D,1.3,5,9.5,1.28,5,8,1.25,4.8,9.5,1.3,5.25,9.5,1.31,5.8,10.62,1.3,5,10,1.3,5.5,10,43,1.35,1.28,5.8,5.15,10.75,9.17,33,1.63,1.58,2.45,2.27,26,-1.5,1.97,1.9,1.95,1.89,1.29,5.94,11.32
SC1,20/11/15,St Mirren,Morton,1,1,D,1,0,H,2.1,3.6,3.2,2,3.6,3,2.3,3.1,2.8,2.15,3.3,3.4,2.19,3.48,3.51,2.25,3.4,3.1,2.15,3.4,3.5,44,2.38,2.13,3.6,3.31,3.51,3.2,39,2.1,1.99,1.83,1.76,21,0,1.7,1.57,2.5,2.35,2.51,3.29,3.05
SC1,21/11/15,Alloa,Hibernian,0,1,A,0,0,D,17,6.5,1.17,11.5,5.5,1.19,9.5,4.8,1.25,15,6.5,1.2,17.3,7.4,1.19,17,6.5,1.18,17,7,1.18,43,17.3,13.47,7.4,6.31,1.25,1.18,32,1.67,1.49,2.74,2.48,32,2.5,1.67,1.49,2.74,2.48,17.35,7.59,1.19
SC1,21/11/15,Dumbarton,Raith Rvs,3,3,D,0,2,A,3,3.4,2.3,2.7,3.5,2.2,2.8,3.1,2.3,2.9,3.4,2.3,3.03,3.56,2.39,3,3.4,2.3,3,3.5,2.3,45,3.08,2.87,3.74,3.38,2.39,2.27,36,1.92,1.83,2,1.91,36,2.5,1.92,1.83,2,1.91,3.07,3.5,2.39
SC1,21/11/15,Livingston,Rangers,1,1,D,0,1,A,11,6.5,1.22,8.5,5.75,1.22,9.5,4.8,1.25,11,6,1.25,16.86,7.86,1.19,13,6.5,1.2,13,6.5,1.22,45,16.86,11.42,7.86,6.23,1.25,1.2,32,1.5,1.43,2.96,2.65,32,3.5,2.25,2.1,1.81,1.67,15.6,6.92,1.22
SC1,21/11/15,Queen of Sth,Falkirk,2,2,D,1,1,D,3.1,3.4,2.25,2.65,3.6,2.2,3,3.1,2.2,3,3.4,2.3,3.06,3.62,2.34,2.9,3.6,2.3,3.1,3.5,2.25,45,3.15,2.92,3.67,3.42,2.34,2.23,33,1.88,1.76,2.14,1.98,33,2.5,1.88,1.76,2.14,1.98,3.21,3.61,2.26
SC1,24/11/15,Raith Rvs,St Mirren,1,1,D,1,0,H,2.2,3.5,3.1,2.15,3.5,2.8,2.2,3.1,3,2.25,3.3,3.1,2.32,3.51,3.18,2.3,3.4,3,2.3,3.5,3,50,2.33,2.22,3.6,3.36,3.18,2.96,41,1.96,1.83,2.03,1.91,25,-0.25,2.03,1.96,1.89,1.84,2.11,3.59,3.6
SC1,01/12/15,Rangers,Dumbarton,4,0,H,0,0,D,1.09,10,23,1.09,8.5,13,1.1,7,15,1.1,11,23,,,,1.1,9,26,1.09,11,23,46,1.13,1.09,12.1,8.9,30,20.89,28,1.29,1.25,4,3.61,30,-2.5,1.91,1.86,2.01,1.92,1.11,12,23
SC1,05/12/15,Alloa,Dumbarton,0,2,A,0,0,D,3,3.6,2.2,2.5,3.3,2.45,2.45,3,2.55,2.9,3.3,2.4,2.98,3.46,2.47,2.6,3.4,2.25,2.8,3.6,2.4,45,3,2.75,3.6,3.36,2.55,2.33,35,1.9,1.76,2.06,1.97,20,0,2.15,2.07,1.8,1.74,3.52,3.56,2.15
SC1,11/12/15,Queen of Sth,Raith Rvs,1,1,D,0,1,A,2.05,3.6,3.3,2.15,3.3,2.9,2.1,3.1,3.2,2.1,3.4,3.4,2.14,3.57,3.54,2.1,3.5,3.3,2.15,3.5,3.3,47,2.15,2.09,3.6,3.4,3.54,3.23,42,1.91,1.83,2,1.92,27,-0.25,1.87,1.82,2.07,1.98,2.14,3.57,3.54
SC1,12/12/15,Dumbarton,St Mirren,1,0,H,0,0,D,2.5,3.6,2.6,2.35,3.3,2.6,2.3,3.1,2.8,2.5,3.4,2.7,2.63,3.48,2.76,2.4,3.5,2.8,2.55,3.5,2.7,46,2.63,2.44,3.6,3.37,2.8,2.64,42,1.91,1.82,2.04,1.94,26,0,1.9,1.83,2.02,1.95,3.06,3.49,2.4
SC1,12/12/15,Hibernian,Falkirk,1,1,D,0,0,D,1.44,4.5,6.5,1.42,4.1,6,1.55,3.7,5,1.44,4.33,7,1.45,4.65,8.08,1.44,4.33,7.5,1.44,4.5,7.5,46,1.55,1.43,4.65,4.26,8.08,6.7,36,1.84,1.72,2.1,2.03,25,-1,1.85,1.72,2.19,2.1,1.55,4.37,6.36
SC1,12/12/15,Livingston,Alloa,0,1,A,0,0,D,1.5,4.5,5.5,1.57,3.7,5,1.65,3.5,4.5,1.53,4,6,1.52,4.4,6.97,1.62,4.2,5,1.53,4.2,6.25,46,1.65,1.51,4.5,4.03,6.97,5.84,43,1.9,1.81,2.04,1.93,27,-1,2,1.88,1.99,1.91,1.36,5.03,10.24
SC1,12/12/15,Rangers,Morton,2,2,D,1,1,D,1.13,8,19,1.14,6.5,12.5,1.15,6,13,1.17,8,17,1.14,9.15,21.25,1.17,7.5,15,1.14,8,20,46,1.17,1.13,9.15,7.38,22,17.14,41,1.41,1.38,3.13,2.86,28,-2.25,1.96,1.88,1.99,1.91,1.08,12.76,33.9
SC1,18/12/15,Morton,Raith Rvs,1,2,A,1,0,H,2.2,3.5,3.1,2.2,3.2,2.95,2.15,3.25,2.95,2.25,3.3,3.1,2.31,3.52,3.2,2.25,3.5,3,2.25,3.5,3.13,49,2.31,2.2,3.6,3.35,3.25,3.02,44,1.96,1.88,1.97,1.87,29,-0.25,1.99,1.91,1.97,1.88,2.27,3.53,3.27
SC1,19/12/15,Alloa,St Mirren,0,2,A,0,1,A,4.5,3.8,1.73,4,3.6,1.72,4.2,3.45,1.7,4.5,3.6,1.8,4.65,3.85,1.8,4.4,3.6,1.8,4.6,3.75,1.75,44,4.67,4.22,3.88,3.56,1.95,1.78,38,1.99,1.87,1.99,1.88,22,0.5,2.12,2.03,1.83,1.77,4.79,3.78,1.79
SC1,19/12/15,Falkirk,Rangers,2,1,H,1,1,D,6,4.33,1.5,5.5,4,1.48,5,4.1,1.5,5.25,4.33,1.57,6.53,4.65,1.51,5.5,4.33,1.53,5.75,4.5,1.53,44,6.53,5.74,4.65,4.26,1.57,1.49,33,1.6,1.53,2.63,2.37,23,1.25,1.76,1.7,2.21,2.13,7.07,4.51,1.5
SC1,19/12/15,Hibernian,Queen of Sth,1,0,H,0,0,D,1.36,4.75,8.5,1.4,4.2,6.5,1.35,4.4,7,1.36,4.5,8.5,1.39,4.97,9.17,1.44,4.5,7,1.36,4.8,9,44,1.44,1.37,4.97,4.52,9.17,7.69,33,1.75,1.68,2.2,2.1,24,-1.25,1.9,1.83,2.04,1.96,1.3,5.63,12.24
SC1,19/12/15,Livingston,Dumbarton,1,1,D,1,0,H,1.8,3.8,4,1.87,3.4,3.6,1.8,3.5,3.75,1.85,3.6,4,1.92,3.76,4.11,1.83,3.5,4.33,2,3.5,3.75,37,2.15,1.88,3.8,3.52,4.33,3.76,34,1.83,1.73,2.1,2.03,26,-0.5,1.93,1.87,2,1.92,2.05,3.66,3.7
SC1,26/12/15,Falkirk,Dumbarton,1,0,H,1,0,H,1.44,4.33,7,1.44,4,6,1.45,4.1,5.75,1.5,4.33,6,1.49,4.66,6.88,1.5,4.2,6.5,1.5,4.4,6.25,49,1.51,1.46,4.66,4.25,7,6.2,35,1.67,1.62,2.36,2.19,20,-1.25,2.13,2.06,1.8,1.75,1.49,4.75,6.86
SC1,26/12/15,St Mirren,Livingston,1,4,A,1,2,A,2.05,3.6,3.3,2.05,3.5,3,2,3.25,3.35,2.05,3.3,3.6,2.06,3.55,3.81,2.1,3.5,3.4,2,3.5,3.6,49,2.1,2.03,3.6,3.38,3.81,3.39,43,2.01,1.92,1.91,1.83,29,-0.5,2.1,2.02,1.85,1.78,2.2,3.48,3.48
SC1,28/12/15,Rangers,Hibernian,4,2,H,2,1,H,1.75,3.8,4.33,1.75,3.6,3.9,1.7,3.65,4.1,1.73,3.8,4.5,1.75,4.05,4.71,1.8,3.75,4.2,1.75,3.9,4.33,50,1.8,1.73,4.05,3.75,4.71,4.21,39,1.75,1.68,2.2,2.1,27,-0.5,1.8,1.74,2.18,2.07,1.88,3.82,4.24
SC1,29/12/15,Falkirk,Livingston,2,0,H,0,0,D,1.62,4,5,1.5,4.1,5,1.6,3.75,4.75,1.62,3.8,5.25,1.62,4.18,5.74,1.53,4.2,6,1.62,4,5.2,51,1.63,1.57,4.2,3.91,6,5.27,40,1.83,1.73,2.2,2.02,27,-1,2.16,2.06,2.04,1.75,1.67,4.18,5.23
SC1,02/01/16,Alloa,Falkirk,0,1,A,0,1,A,8,4.75,1.36,6.75,4.1,1.4,7,4.3,1.35,8,4.5,1.4,9.31,4.87,1.39,7,4.33,1.4,8,4.75,1.4,50,9.31,7.6,4.87,4.44,1.44,1.38,39,1.81,1.73,2.2,2.01,24,1,2.38,2.26,1.67,1.62,7.86,4.47,1.47
SC1,02/01/16,Dumbarton,Rangers,0,6,A,0,1,A,15,7,1.17,11,6.5,1.16,12.5,6.5,1.15,15,7,1.18,14.98,7.67,1.21,13,6,1.22,18,7.5,1.17,50,18,13.48,7.96,6.66,1.22,1.17,39,1.4,1.36,3.13,2.94,20,1.75,2.35,2.27,1.67,1.62,16.67,8.18,1.18
SC1,02/01/16,Hibernian,Raith Rvs,1,0,H,0,0,D,1.29,5.5,10,1.25,5.25,8.5,1.3,4.8,8,1.3,5.25,10,1.32,5.68,11,1.29,5,11,1.3,5.5,10,50,1.33,1.29,5.75,5.1,11,9.39,38,1.68,1.61,2.35,2.21,31,-1.5,1.98,1.89,2,1.9,1.32,5.61,10.5
SC1,02/01/16,Livingston,Queen of Sth,0,2,A,0,0,D,2.4,3.3,2.88,2.3,3.25,2.7,2.35,3.15,2.75,2.4,3.3,2.9,2.45,3.44,3.07,2.4,3.3,2.9,2.38,3.4,3,50,2.55,2.37,3.43,3.24,3.1,2.84,44,2.08,1.98,1.86,1.77,26,-0.25,2.18,2.05,1.83,1.75,2.27,3.41,3.37
SC1,02/01/16,Morton,St Mirren,0,1,A,0,1,A,2.3,3.3,3.1,2.05,3.5,2.95,2.2,3.2,2.95,2.25,3.3,3.1,2.37,3.45,3.19,2.2,3.5,3.1,2.3,3.4,3.13,50,2.37,2.26,3.5,3.28,3.19,2.98,45,2.08,1.98,1.86,1.77,29,-0.25,2.04,1.98,1.9,1.82,2.36,3.46,3.15
SC1,12/01/16,Raith Rvs,Alloa,0,1,A,0,0,D,1.36,4.75,8.5,1.35,4.4,7,1.35,4.2,7.5,1.4,4.5,8.5,1.41,4.8,8.95,1.4,4.5,8,1.4,4.6,8.5,46,1.44,1.37,4.8,4.42,8.95,7.74,33,1.99,1.87,1.95,1.88,26,-1.25,1.98,1.92,1.95,1.87,1.43,4.73,8.41
SC1,16/01/16,Rangers,Livingston,4,1,H,4,0,H,1.08,10,26,1.14,7,11,1.12,6.75,13.75,1.17,7.5,17,1.17,8.35,19.25,1.12,8.5,19,1.15,8,17,34,1.17,1.12,10,7.99,26,17.59,24,1.36,1.35,3.25,2.98,8,-2.5,2.32,2.21,1.71,1.64,1.14,9.13,23.46
SC1,17/01/16,Falkirk,Hibernian,1,1,D,0,0,D,4,3.6,1.85,3.7,3.3,1.87,3.75,3.35,1.85,4,3.5,1.85,4.42,3.68,1.88,3.75,3.4,2,4.1,3.5,1.93,34,4.42,3.89,3.68,3.44,2.1,1.88,25,2.05,1.91,2.05,1.81,14,0.5,2.02,1.9,1.94,1.87,4.07,3.48,2.01
SC1,23/01/16,Hibernian,St Mirren,3,1,H,2,1,H,1.3,5,11,1.3,4.6,8.25,1.3,4.6,8,1.35,5,9,1.36,5.2,10,1.36,4.6,9,1.3,5.25,11,45,1.36,1.32,5.25,4.8,11,8.81,33,1.75,1.68,2.2,2.09,24,-1.25,1.78,1.72,2.19,2.1,1.36,4.99,10.38
SC1,23/01/16,Livingston,Falkirk,1,1,D,0,1,A,3.5,3.6,2,3.5,3.5,1.85,3.3,3.3,1.95,3.4,3.5,2.05,3.58,3.64,2.1,3.6,3.4,2.05,3.5,3.6,2.05,45,3.77,3.42,3.64,3.43,2.1,2,37,1.92,1.84,2.02,1.91,24,0.5,1.83,1.79,2.1,2.02,4.11,3.74,1.93
SC1,23/01/16,Queen of Sth,Alloa,1,0,H,1,0,H,1.4,4.75,7,1.42,4.1,6.25,1.4,4.1,6.5,1.44,4.2,7.5,1.48,4.44,7.75,1.5,4,7,1.44,4.5,7.5,45,1.5,1.43,4.75,4.2,7.75,6.78,36,1.94,1.83,2,1.91,24,-1,1.83,1.74,2.13,2.07,1.48,4.44,7.75
SC1,23/01/16,Raith Rvs,Dumbarton,0,0,D,0,0,D,1.73,3.75,4.5,1.7,3.7,4,1.7,3.5,4.25,1.75,3.6,4.75,1.81,3.77,4.74,1.8,3.6,4.4,1.75,3.75,4.75,45,1.81,1.73,3.9,3.62,4.81,4.4,39,1.98,1.89,2,1.86,25,-0.75,2.06,1.97,1.89,1.83,1.8,3.83,4.68
SC1,25/01/16,Morton,Rangers,0,2,A,0,1,A,10,6,1.25,9.5,5.5,1.22,9.25,5.5,1.22,10,5.5,1.25,,,,11,6,1.25,12,6,1.25,35,13,10.43,6,5.75,1.25,1.23,23,1.6,1.55,2.55,2.3,1,1.75,1.92,1.92,1.82,1.82,13.74,6.98,1.23
SC1,30/01/16,Dumbarton,Livingston,1,0,H,0,0,D,2.7,3.6,2.4,2.6,3.4,2.3,2.6,3.3,2.4,2.8,3.4,2.4,2.88,3.56,2.49,2.8,3.4,2.45,2.8,3.5,2.45,39,2.88,2.59,3.6,3.41,2.8,2.47,26,1.88,1.81,2,1.91,20,0,2.08,1.99,1.9,1.8,2.95,3.51,2.46
SC1,30/01/16,Rangers,Falkirk,1,0,H,0,0,D,1.25,5.75,11,1.22,5.5,9,1.22,5.5,9.75,1.29,5.75,10,1.29,6.04,11.3,1.29,5.5,10,1.25,6.25,11,39,1.3,1.24,6.5,5.66,12,10.07,25,1.5,1.46,2.75,2.51,18,-1.5,1.83,1.74,2.12,2.05,1.35,5.45,9.28
SC1,30/01/16,St Mirren,Alloa,3,1,H,1,1,D,1.44,4.5,6.5,1.53,3.8,5.25,1.45,3.85,6.25,1.5,4,6.5,1.52,4.31,7.17,1.57,4,6,1.45,4.4,7.5,39,1.62,1.49,4.5,4.01,7.5,6.16,25,2,1.93,1.88,1.79,17,-0.75,1.63,1.58,2.4,2.32,1.62,4.08,5.94
SC1,02/02/16,Morton,Hibernian,0,1,A,0,0,D,6,4.33,1.5,5.5,3.7,1.53,5.5,3.8,1.5,5.75,4,1.57,6.75,4.28,1.54,6,3.75,1.6,6.25,4.1,1.53,46,6.75,5.74,4.33,3.9,1.62,1.53,41,1.94,1.85,2,1.89,29,1,1.94,1.87,2.01,1.93,7.29,4.47,1.49
SC1,02/02/16,Raith Rvs,Rangers,0,1,A,0,1,A,9.5,5.25,1.3,,,,7.75,4.9,1.3,9.5,5.5,1.3,14.35,5.9,1.26,9,5.5,1.3,9.5,5.75,1.29,46,14.35,9.65,5.9,5.29,1.33,1.27,33,1.53,1.48,2.6,2.47,30,1.5,2.04,1.96,1.98,1.84,14.49,6.41,1.24
SC1,06/02/16,St Mirren,Queen of Sth,1,0,H,1,0,H,2.45,3.6,2.63,2.4,3.4,2.5,2.45,3.2,2.6,2.5,3.3,2.75,2.6,3.4,2.84,2.6,3.2,2.75,2.6,3.3,2.75,39,2.6,2.48,3.6,3.28,2.84,2.67,25,2.15,2,5,1.74,22,0,1.87,1.82,2.05,1.97,2.41,3.43,3.08
SC1,09/02/16,Alloa,Morton,2,2,D,1,2,A,4.75,3.8,1.7,3.9,3.7,1.72,4.5,3.6,1.65,4.75,3.75,1.73,5.13,3.9,1.73,4.8,3.75,1.7,5,3.8,1.7,46,5.17,4.6,3.9,3.7,1.75,1.68,34,1.98,1.84,1.95,1.88,25,0.75,2,1.92,1.96,1.87,5.13,3.91,1.72
SC1,13/02/16,Alloa,Rangers,1,1,D,0,0,D,13,9,1.1,14.5,8,1.09,20,7.5,1.08,23,9,1.12,21.5,9.21,1.14,21,8,1.12,,,,39,31,19.2,9.5,8.6,1.14,1.09,33,1.38,1.35,3.2,3,19,2.25,2.35,2.17,1.95,1.67,31.42,10.96,1.1
SC1,13/02/16,Falkirk,Raith Rvs,2,2,D,2,1,H,1.55,4,5,1.6,3.7,4.75,1.55,3.85,4.65,1.62,4.2,4.75,1.66,4.15,5.32,1.67,4,4.8,1.6,4.2,5.4,41,1.67,1.6,4.2,3.98,5.4,4.84,29,1.7,1.61,2.35,2.18,21,-1,2.15,2.04,1.82,1.75,1.65,4.12,5.5
SC1,13/02/16,Livingston,Hibernian,0,0,D,0,0,D,5.5,4.5,1.4,5,4.5,1.45,5.75,4.15,1.45,6,4.33,1.5,7.74,4.7,1.45,6.5,4.2,1.5,6.5,4.6,1.45,39,7.74,6.31,4.7,4.32,1.53,1.44,29,1.7,1.63,2.3,2.18,18,1.25,1.85,1.78,2.14,2.03,8.37,4.82,1.42
SC1,13/02/16,Morton,Dumbarton,2,0,H,0,0,D,1.73,3.6,4.2,1.75,3.4,4.1,1.75,3.6,3.95,1.8,3.8,4,1.76,3.95,4.81,1.83,3.75,4,1.8,3.8,4.4,41,1.83,1.75,3.95,3.64,4.81,4.17,30,1.82,1.76,2.06,1.98,21,-0.75,2.09,2,1.92,1.81,1.83,3.96,4.32
SC1,13/02/16,Queen of Sth,St Mirren,1,0,H,0,0,D,2.15,3.6,2.9,2.15,3.2,3,2.15,3.3,2.9,2.38,3.5,2.8,2.23,3.51,3.37,2.38,3.5,2.8,2.25,3.5,3.13,41,2.4,2.2,3.6,3.38,3.37,2.98,31,1.95,1.88,1.95,1.85,21,-0.25,1.97,1.92,1.97,1.88,2.22,3.51,3.39
SC1,20/02/16,Morton,Falkirk,0,1,A,0,1,A,3.75,3.4,2,3.4,3.3,1.95,3.5,3.35,1.9,3.25,3.6,1.95,,,,3.6,3.5,2,3.7,3.6,2,37,3.75,3.55,3.6,3.45,2,1.95,22,1.75,1.69,2.2,2.06,4,0,2.75,2.66,1.45,1.44,3.46,3.62,2.16
SC1,20/02/16,Raith Rvs,Livingston,2,0,H,1,0,H,2,3.5,3.6,1.9,3.2,3.7,1.9,3.35,3.5,1.83,3.75,3.6,,,,2,3.5,3.6,1.95,3.75,3.7,37,2,1.93,3.75,3.48,3.75,3.59,21,1.75,1.63,2.3,2.15,4,0,1.45,1.43,2.8,2.69,2.27,3.58,3.22
SC1,20/02/16,St Mirren,Dumbarton,1,0,H,0,0,D,2,3.4,3.75,1.9,3.3,3.6,1.9,3.35,3.55,1.8,3.8,3.7,,,,2,3.5,3.6,1.93,3.8,3.75,37,2,1.93,3.8,3.46,3.8,3.6,21,1.79,1.7,2.15,3.05,4,0,1.48,1.46,2.85,2.71,1.93,3.73,4.11
SC1,21/02/16,Hibernian,Alloa,3,0,H,2,0,H,1.2,6.5,13,1.18,6,10.5,1.18,5.75,11.5,1.18,6,12,,,,1.17,6,10,1.2,6.5,15,34,1.2,1.18,6.65,6.24,15,12.48,21,1.65,1.59,2.45,2.22,3,-2,2.02,1.98,1.85,1.79,1.19,7.5,18.7
SC1,21/02/16,Queen of Sth,Rangers,0,1,A,0,0,D,7.5,5,1.36,7,4.5,1.34,7.25,4.65,1.3,7.5,5.2,1.3,,,,8,4.5,1.29,9,5.25,1.33,35,9,7.72,5.35,4.92,1.38,1.32,21,1.6,1.54,2.5,2.35,4,1.5,1.9,1.79,2.07,1.96,10.59,5.47,1.33
SC1,24/02/16,Hibernian,Morton,0,3,A,0,1,A,1.33,5,7,1.3,5,7,1.3,4.9,7,1.33,5,7.5,,,,1.33,5,9,1.33,5.25,9,34,1.33,1.31,5.3,5.04,9,7.95,20,1.6,1.57,2.4,2.26,2,-1.5,2,1.93,1.88,1.83,1.3,5.74,12.26
SC1,27/02/16,Alloa,Livingston,1,3,A,1,3,A,3.6,3.6,1.95,3.6,3.25,1.91,3.5,3.25,1.95,,,,3.93,3.44,2.06,3.6,3.25,2.1,3.75,3.4,2.05,41,3.93,3.51,3.6,3.3,2.1,2.01,32,2.27,2.13,1.72,1.66,19,0.25,2.16,2.06,1.82,1.76,3.74,3.43,2.12
SC1,27/02/16,Dumbarton,Hibernian,3,2,H,2,0,H,9.5,5.25,1.3,8.75,5,1.25,8.5,4.8,1.25,7.5,4.75,1.35,11.36,5.64,1.31,7,4.33,1.33,7.5,5.5,1.3,39,11.36,9.1,5.64,5.06,1.33,1.28,26,1.71,1.66,2.21,2.12,21,1.5,2.02,1.92,2,1.87,11.07,5.54,1.32
SC1,27/02/16,Falkirk,Queen of Sth,3,1,H,0,1,A,1.75,3.6,4.6,1.7,3.5,4.2,1.7,3.4,4.55,1.85,3.6,3.7,1.72,3.71,5.49,1.8,3.4,4.75,1.75,3.6,5,40,1.8,1.71,3.71,3.5,5.49,4.61,28,2.21,2.11,1.74,1.67,20,-0.5,1.79,1.73,2.21,2.09,1.8,3.73,4.83
SC1,27/02/16,Raith Rvs,Morton,3,2,H,1,0,H,2.25,3.5,3,2.2,3.2,2.9,2.25,3.1,2.95,2.3,3.5,2.7,2.38,3.35,3.21,2.5,3.5,2.7,2.38,3.3,3.13,41,2.5,2.27,3.5,3.25,3.21,2.95,31,2.21,2.08,1.76,1.69,18,0,1.72,1.67,2.27,2.18,2.44,3.51,2.98
SC1,27/02/16,Rangers,St Mirren,1,0,H,0,0,D,1.2,6.5,13,1.16,6.5,10.5,1.16,5.75,12.5,1.17,6.5,12,1.19,7.2,18.85,1.2,6.5,13,1.18,7,17,9,1.2,1.16,7.2,6.32,18.85,13.12,3,1.59,1.57,2.41,2.32,4,-2,2.09,2.01,1.83,1.74,1.18,7.62,20.94
SC1,01/03/16,Livingston,Morton,0,0,D,0,0,D,2.63,3.3,2.63,2.6,3.25,2.4,2.5,3.1,2.55,2.75,3.3,2.5,2.69,3.44,2.73,2.75,3.2,2.6,2.63,3.4,2.6,49,2.75,2.57,3.45,3.23,2.73,2.59,38,2.08,2.01,1.83,1.74,29,0,1.97,1.87,2.01,1.92,2.85,3.39,2.6
SC1,01/03/16,Queen of Sth,Hibernian,1,0,H,0,0,D,5.5,4,1.57,4.75,3.6,1.6,5.25,3.6,1.55,4.5,3.9,1.62,6.05,4.01,1.63,5.5,3.6,1.67,5.75,3.9,1.62,48,6.05,5.31,4.01,3.7,1.7,1.6,40,2.1,1.98,1.87,1.77,28,0.75,2.13,2.03,1.92,1.78,5.21,4.05,1.69
SC1,01/03/16,Rangers,Raith Rvs,2,0,H,1,0,H,1.17,6,23,1.16,6.75,10,1.15,6,14.25,1.15,6,16,,,,1.14,7.5,19,1.15,7.5,19,47,1.17,1.14,9.3,6.89,27.11,17.48,33,1.62,1.56,2.41,2.3,26,-1.75,1.78,1.69,2.27,2.16,1.15,8.68,20.7
SC1,01/03/16,St Mirren,Falkirk,0,0,D,0,0,D,3.2,3.4,2.2,2.95,3.25,2.15,3.2,3.15,2.1,3.5,3.25,2.1,3.69,3.4,2.15,3.2,3.3,2.25,3.5,3.3,2.15,49,3.69,3.28,3.4,3.24,2.3,2.13,40,2.26,2.09,1.76,1.69,28,0.25,2.05,1.96,1.9,1.85,3.61,3.4,2.18
SC1,05/03/16,Falkirk,Alloa,2,0,H,2,0,H,1.3,5,10,1.36,4.33,6.75,1.3,4.55,8.5,1.36,4.5,7,,,,1.4,4.5,8,1.33,5,10,33,1.4,1.34,5,4.59,11,8.46,19,1.83,1.77,2.05,1.96,12,-1.25,1.88,1.77,2.13,2.05,1.29,5.65,12.25
SC1,05/03/16,Livingston,Dumbarton,2,0,H,1,0,H,1.95,3.75,3.5,2.1,3.4,2.95,1.95,3.35,3.3,2.25,3.4,2.85,,,,1.95,3.5,3.8,2.1,3.6,3.3,33,2.25,2.06,3.75,3.49,3.8,3.23,21,2.03,1.96,1.81,1.76,14,-0.25,1.86,1.75,2.13,2.05,1.99,3.56,4.04
SC1,05/03/16,Raith Rvs,St Mirren,4,3,H,2,1,H,2.3,3.5,2.88,2.2,3.3,2.85,2.25,3.2,2.9,2.25,3.4,2.88,,,,2.38,3.5,2.8,2.4,3.25,3.1,31,2.4,2.28,3.5,3.33,3.1,2.9,19,2.2,2.09,1.73,1.67,16,-0.25,2.07,2.01,1.82,1.79,2.43,3.35,3.12
SC1,08/03/16,Dumbarton,Alloa,3,1,H,2,1,H,1.75,3.6,4.75,1.62,3.7,4.5,1.7,3.45,4.4,1.75,3.6,4.75,1.73,3.81,5.28,1.75,3.75,4.5,1.75,3.7,4.8,46,1.8,1.71,3.81,3.61,5.28,4.55,38,2.06,1.97,1.91,1.79,26,-0.75,2.03,1.95,1.94,1.85,1.79,3.75,4.85
SC1,08/03/16,Raith Rvs,Queen of Sth,2,0,H,2,0,H,2.6,3.2,2.75,2.25,3.5,2.6,2.45,3.1,2.65,2.5,3.2,2.88,2.58,3.34,2.91,2.4,3.5,2.8,2.63,3.25,2.75,47,2.66,2.47,3.5,3.24,2.95,2.71,34,2.16,2.08,1.78,1.68,23,-0.25,2.31,2.2,1.75,1.66,2.61,3.21,2.98
SC1,11/03/16,Rangers,Morton,3,1,H,1,1,D,1.2,6.5,13,1.15,6.5,11.5,1.18,5.75,11,1.22,6,13,1.18,7.67,17.52,1.17,6.5,13,1.18,7,15,43,1.2,1.17,7.75,6.43,17.52,13.75,30,1.53,1.48,2.65,2.48,25,-2,2.12,2.03,1.84,1.78,1.2,7.25,16.9
SC1,12/03/16,Alloa,Raith Rvs,1,1,D,0,0,D,4.33,3.6,1.8,3.9,3.4,1.8,4.25,3.45,1.7,4.2,3.5,1.85,5.26,3.81,1.73,4.2,3.6,1.83,4.75,3.75,1.75,41,5.26,4.37,3.81,3.55,1.85,1.74,34,2.03,1.93,1.91,1.82,20,0.5,2.2,2.06,1.81,1.76,5.18,3.9,1.72
SC1,12/03/16,Dumbarton,Falkirk,1,1,D,0,0,D,5.5,4,1.57,4.4,3.6,1.65,4.9,3.7,1.55,4.5,3.6,1.75,5.7,4.01,1.65,4.5,3.75,1.75,5.75,4,1.6,41,5.75,4.97,4.01,3.8,1.75,1.61,30,2,1.83,2,1.89,24,0.75,2.12,2.03,1.9,1.78,6.04,4.1,1.61
SC1,12/03/16,St Mirren,Queen of Sth,2,1,H,1,0,H,2.45,3.4,2.75,2.6,3.2,2.4,2.4,3.05,2.7,2.5,3.2,2.8,2.55,3.28,2.99,2.5,3.4,2.75,2.55,3.25,2.88,41,2.55,2.44,3.4,3.2,2.99,2.75,34,2.28,2.15,1.7,1.65,23,0,1.84,1.79,2.1,2.02,2.4,3.41,3.13
SC1,15/03/16,Morton,Queen of Sth,3,2,H,3,0,H,2.3,3.4,3,2.15,3.2,3,2.25,3.1,2.85,2.3,3.3,3,2.34,3.42,3.23,2.45,3.25,2.9,2.38,3.3,3.1,45,2.45,2.3,3.42,3.23,3.23,2.96,36,2.17,2.06,1.78,1.71,26,-0.25,2.07,2,1.89,1.81,2.38,3.43,3.15
SC1,18/03/16,Falkirk,Rangers,3,2,H,0,2,A,6,4.33,1.5,5.25,3.9,1.5,5.5,3.9,1.5,6,4,1.55,6.81,4.29,1.54,6,4.2,1.53,6,4.3,1.53,44,6.81,5.87,4.33,4.03,1.56,1.51,32,1.85,1.74,2.1,2,27,1,1.95,1.89,1.98,1.92,7.8,4.4,1.48
SC1,19/03/16,Livingston,St Mirren,2,3,A,1,2,A,2.38,3.6,2.75,2.35,3.3,2.6,2.4,3.15,2.65,2.5,3.2,2.88,2.54,3.32,2.98,2.5,3.3,2.8,2.55,3.25,2.88,39,2.7,2.45,3.6,3.27,2.98,2.71,27,2.21,2.08,1.73,1.69,21,0,2,1.81,2.11,1.98,2.67,3.31,2.83
SC1,19/03/16,Morton,Alloa,4,1,H,2,1,H,1.45,4.5,6.5,1.44,4.1,6,1.45,3.9,6.25,1.48,4,7.5,1.46,4.41,8.39,1.5,4,7,1.45,4.33,7.5,39,1.5,1.44,4.5,4.13,8.39,6.82,26,2.1,1.96,1.82,1.78,22,-1,1.94,1.8,2.12,1.99,1.4,4.72,9.84
SC1,19/03/16,Queen of Sth,Dumbarton,6,0,H,2,0,H,1.73,3.8,4.5,1.78,3.5,3.8,1.7,3.45,4.4,1.73,3.6,5,1.73,3.82,5.25,1.75,3.6,4.8,1.75,3.7,4.8,39,1.8,1.72,3.82,3.58,5.25,4.51,26,2.09,2.01,1.83,1.74,19,-0.5,1.82,1.74,2.2,2.08,1.75,3.86,5.05
SC1,19/03/16,Raith Rvs,Hibernian,2,1,H,1,1,D,5.25,4,1.6,4.75,3.6,1.6,5.5,3.7,1.55,6,3.8,1.57,6.68,4.1,1.57,5.5,4,1.6,6.25,3.9,1.57,39,6.68,5.55,4.1,3.82,1.67,1.56,26,2.07,1.96,1.86,1.78,18,0.75,2.2,2.07,1.92,1.73,6.4,4.13,1.58
SC1,22/03/16,St Mirren,Raith Rvs,1,2,A,1,2,A,2.15,3.3,3.1,2.2,3.2,2.9,2.15,3.25,2.95,2.3,3.2,3.1,2.34,3.45,3.2,2.25,3.4,3.1,2.25,3.4,3.13,47,2.5,2.22,3.45,3.3,3.2,2.98,23,2,1.87,1.95,1.86,19,-0.25,2,1.95,1.93,1.88,2.46,3.48,2.98
SC1,26/03/16,Alloa,St Mirren,0,1,A,0,0,D,6,4,1.53,5.5,3.8,1.5,5.5,3.8,1.5,6,3.8,1.57,7.29,4.24,1.52,6.5,4,1.53,6.25,4.1,1.55,40,7.29,5.98,4.24,3.88,1.57,1.51,32,1.98,1.87,1.96,1.86,24,1,1.97,1.87,2.02,1.93,6.13,3.96,1.63
SC1,26/03/16,Falkirk,Livingston,1,2,A,0,0,D,1.44,4.5,6.5,1.4,4.2,6.25,1.45,4,6,1.48,4,7,1.47,4.45,8.14,1.44,4.33,7,1.45,4.4,7.5,40,1.47,1.43,4.55,4.2,8.14,6.64,32,1.98,1.86,1.96,1.87,21,-1.25,2.16,2.09,1.8,1.74,1.55,4.31,6.45
SC1,26/03/16,Morton,Raith Rvs,0,1,A,0,0,D,2.2,3.6,3,2.25,3.3,2.75,2.2,3.2,2.9,2.25,3.3,3.1,2.29,3.53,3.22,2.3,3.5,2.9,2.25,3.4,3.2,40,2.38,2.24,3.6,3.37,3.22,2.91,30,2.04,1.9,1.91,1.83,23,-0.25,2.04,1.96,1.92,1.84,2.29,3.54,3.22
SC1,26/03/16,Rangers,Queen of Sth,4,3,H,1,1,D,1.2,6,15,1.17,6,11,1.18,5.75,11.5,1.2,6.5,15,1.22,6.79,15.54,1.22,6,13,1.2,6.5,17,40,1.22,1.19,6.79,6.08,17,12.55,27,1.62,1.52,2.55,2.38,24,-2,2.07,2.01,1.85,1.79,1.16,8.58,19.41
SC1,02/04/16,Dumbarton,Morton,0,0,D,0,0,D,3.4,3.6,2.05,3,3.6,2,3.4,3.35,1.9,3.6,3.5,2,3.67,3.7,2.05,3.4,3.6,2.05,3.6,3.5,2.05,43,3.67,3.4,3.7,3.46,2.05,1.99,35,1.93,1.84,2.04,1.89,21,0.5,1.85,1.81,2.06,2.01,3.25,3.61,2.25
SC1,02/04/16,Livingston,Alloa,0,0,D,0,0,D,1.5,4,7,1.5,3.9,5.25,1.45,3.85,6,1.5,4,7,1.49,4.44,7.54,1.53,3.8,7,1.5,4.2,7,43,1.53,1.47,4.44,4,7.54,6.36,34,2.01,1.91,1.92,1.83,23,-1,1.88,1.83,2.06,1.98,1.54,4.25,6.88
SC1,02/04/16,Queen of Sth,Falkirk,2,2,D,0,1,A,3,3.4,2.3,3.1,3.5,2,3,3.2,2.15,3.2,3.3,2.2,3.29,3.5,2.27,3,3.4,2.3,3.13,3.4,2.3,43,3.29,3.02,3.5,3.3,2.3,2.21,35,2.12,2,1.88,1.75,21,0.5,1.69,1.64,2.3,2.24,3.23,3.49,2.3
SC1,02/04/16,Raith Rvs,Rangers,3,3,D,2,2,D,7.5,5,1.36,7.25,4.25,1.36,6.75,4.7,1.35,7.5,5,1.36,9.75,5.65,1.33,8,5,1.36,8.5,5.4,1.33,43,9.75,7.7,5.65,4.9,1.4,1.33,29,1.57,1.5,2.67,2.43,23,1.5,1.93,1.83,2.02,1.97,9.02,5.01,1.39
SC1,02/04/16,St Mirren,Hibernian,2,2,D,1,1,D,6,3.8,1.57,4.75,4,1.53,5.5,3.7,1.5,6,3.8,1.57,6.66,4.14,1.56,6,3.8,1.57,6.5,4,1.55,43,6.66,5.69,4.14,3.88,1.57,1.54,29,2.14,2.02,1.81,1.74,23,1,1.9,1.85,2.05,1.99,7.1,4.34,1.52
SC1,05/04/16,Hibernian,Livingston,2,1,H,0,1,A,1.36,4.75,8,1.33,4.5,7.5,1.35,4.35,7.75,1.36,4.5,9.5,1.37,4.96,10.12,1.36,4.6,9,1.36,4.8,9.5,43,1.4,1.35,5,4.59,10.12,8.4,32,1.88,1.78,2.05,1.94,23,-1.5,2.14,2.06,1.8,1.76,1.37,5.08,9.8
SC1,05/04/16,Rangers,Dumbarton,1,0,H,0,0,D,1.11,8,26,1.12,7,13.5,1.12,7,15,1.11,9.5,26,1.13,10.08,23.5,1.11,8.5,23,1.1,9.5,31,44,1.13,1.1,11.08,8.2,31,21.99,31,1.4,1.36,3.1,2.93,23,-2.25,1.77,1.67,2.33,2.2,1.1,11.79,29.22
SC1,09/04/16,Alloa,Hibernian,1,0,H,1,0,H,19,7.5,1.14,11,6.25,1.16,16.75,5.75,1.14,23,7,1.17,,,,17,6.5,1.18,22,7.5,1.14,38,23,15.63,7.5,6.55,1.18,1.16,28,1.84,1.73,2.2,2.01,17,1.75,2.24,2.11,1.76,1.71,23.69,7.09,1.18
SC1,09/04/16,Falkirk,St Mirren,3,2,H,1,0,H,1.57,3.8,6,1.57,3.7,5,1.55,3.7,5,1.62,3.8,5.5,,,,1.57,4,5.5,1.65,3.9,5.5,38,1.64,1.59,4,3.82,6,5.23,31,2.11,1.95,1.86,1.78,21,-0.75,1.85,1.79,2.1,2.01,1.72,3.92,5.17
SC1,09/04/16,Morton,Livingston,2,1,H,0,1,A,2.1,3.6,3.2,2.1,3.5,2.9,2.05,3.3,3.15,2.1,3.3,3.4,,,,2.2,3.6,3.1,2.15,3.4,3.4,38,2.2,2.11,3.6,3.44,3.4,3.12,32,2.12,2.01,1.91,1.74,21,-0.25,1.88,1.84,2.03,1.96,2.38,3.46,3.11
SC1,09/04/16,Queen of Sth,Raith Rvs,1,2,A,0,1,A,2.25,3.5,3,2.3,3.3,2.7,2.25,3.3,2.75,2.3,3.4,2.9,,,,2.3,3.5,2.9,2.4,3.5,2.9,38,2.38,2.29,3.55,3.41,3,2.81,31,1.98,1.86,2,1.87,21,-0.25,2.11,2.02,1.83,1.78,2.21,3.57,3.36
SC1,12/04/16,Dumbarton,Queen of Sth,4,2,H,1,2,A,3.2,3.6,2.1,2.95,3.5,2.05,3.05,3.35,2.05,3.25,3.5,2.15,3.29,3.65,2.21,3.1,3.4,2.25,3.2,3.6,2.2,45,3.29,3.1,3.65,3.41,2.25,2.14,31,1.83,1.75,2.12,1.98,25,0.25,1.99,1.92,1.95,1.88,3.29,3.62,2.22
SC1,12/04/16,Hibernian,Falkirk,2,2,D,1,0,H,1.67,3.75,5,1.65,3.5,4.6,1.65,3.5,4.6,1.73,3.6,4.75,1.74,3.86,5.1,1.75,3.6,4.75,1.7,3.8,5,45,1.75,1.67,3.95,3.64,5.15,4.7,36,2.01,1.92,1.94,1.82,25,-0.75,1.98,1.91,1.96,1.89,1.78,3.8,4.86
SC1,16/04/16,Alloa,Queen of Sth,2,2,D,1,0,H,4,4,1.7,3.6,3.8,1.75,4.15,3.55,1.7,4.33,3.6,1.75,4.78,3.9,1.77,4.2,4,1.73,4.75,3.75,1.75,44,4.79,4.27,4,3.69,1.83,1.74,36,1.93,1.83,2,1.91,20,0.5,2.17,2.08,1.81,1.74,4.8,3.97,1.76
SC1,16/04/16,Dumbarton,Raith Rvs,2,3,A,1,0,H,3.25,3.6,2.1,2.8,3.3,2.2,3,3.35,2.1,3.25,3.4,2.15,3.29,3.61,2.23,2.9,3.6,2.3,3.2,3.5,2.2,43,3.29,3.06,3.61,3.44,2.3,2.16,35,1.86,1.77,2.1,1.98,23,0.25,2.02,1.93,1.94,1.87,3.4,3.62,2.18
SC1,16/04/16,St Mirren,Morton,3,1,H,1,0,H,2.3,3.6,2.8,2.3,3.4,2.65,2.25,3.25,2.75,2.3,3.4,2.9,2.42,3.44,3.06,2.3,3.5,2.9,2.4,3.5,2.9,44,2.42,2.32,3.6,3.35,3.06,2.83,37,2,1.89,2,1.85,24,-0.25,2.11,2.04,1.83,1.78,2.38,3.41,3.16
SC1,20/04/16,Hibernian,Rangers,3,2,H,2,1,H,3.2,3.6,2.1,2.85,3.3,2.2,2.95,3.4,2.1,3,3.7,2.05,,,,2.88,3.4,2.1,3.13,3.5,2.25,39,3.2,3,3.7,3.43,2.38,2.17,21,1.85,1.78,2.1,1.94,3,0.25,1.9,1.88,1.9,1.85,3.21,3.67,2.24
SC1,23/04/16,Dumbarton,St Mirren,2,1,H,1,1,D,2.5,3.4,2.5,2.5,3.3,2.45,2.5,3.3,2.45,2.45,3.5,2.5,,,,2.62,3.3,2.62,2.6,3.5,2.6,36,2.7,2.55,3.5,3.34,2.65,2.54,21,1.83,1.77,2.05,1.95,7,0,1.9,1.87,1.9,1.88,2.93,3.61,2.43
SC1,23/04/16,Morton,Hibernian,0,0,D,0,0,D,4.75,3.75,1.62,4.75,3.7,1.6,,,,5,4,1.57,,,,5.5,4.2,1.57,5.4,4.1,1.6,35,5.5,5.05,4.2,3.87,1.66,1.6,22,1.8,1.72,2.1,2.01,5,1,1.8,1.7,2.15,2.07,5.94,4.25,1.6
SC1,23/04/16,Queen of Sth,Livingston,3,1,H,0,1,A,2.25,3.4,2.8,2.25,3.25,2.8,2.2,3.35,2.75,2.15,3.6,2.85,,,,2.25,3.4,3.1,2.25,3.6,3,36,2.33,2.25,3.6,3.42,3.1,2.87,22,1.73,1.67,2.2,2.1,7,-0.25,2,1.96,1.83,1.8,2.27,3.78,3.08
SC1,23/04/16,Raith Rvs,Falkirk,2,2,D,1,0,H,2.63,3.4,2.38,2.6,3.25,2.4,2.6,3.35,2.35,2.45,3.5,2.5,,,,2.8,3.5,2.4,2.75,3.5,2.45,36,2.8,2.66,3.53,3.4,2.5,2.41,22,1.8,1.67,2.2,2.09,7,0,2,1.94,1.89,1.82,2.91,3.59,2.45
SC1,23/04/16,Rangers,Alloa,1,1,D,1,1,D,1.1,8,17,1.09,7.5,16,1.09,7.5,16.5,1.09,8,18,,,,1.11,9,21,1.09,10,26,36,1.11,1.09,10,8.67,26,18.86,21,1.35,1.31,3.5,3.21,4,-2.25,1.67,1.66,2.15,2.1,1.08,12.99,32.59
SC1,26/04/16,Hibernian,Dumbarton,4,0,H,2,0,H,1.2,6,12,1.2,6,9,1.2,5.5,10.25,1.25,6,12,1.25,6.66,12.95,1.25,6,11,1.2,6.5,15,48,1.25,1.22,6.66,5.97,15,10.96,33,1.55,1.46,2.7,2.53,27,-1.5,1.75,1.66,2.31,2.2,1.22,7.28,14.32
SC1,26/04/16,Livingston,Rangers,1,0,H,1,0,H,8.5,5,1.33,6.75,4.75,1.33,7.5,4.2,1.35,7.5,5.5,1.35,10.92,5.91,1.31,8,6,1.3,9,5.5,1.33,48,10.92,8.33,6,5.32,1.38,1.3,29,1.48,1.41,3.1,2.72,24,1.75,1.75,1.71,2.27,2.13,11,5.82,1.3
SC1,01/05/16,Alloa,Dumbarton,1,1,D,1,0,H,3.25,3.75,1.91,3.25,3.7,1.87,3.2,3.7,1.9,3.1,3.75,2,,,,3.4,3.75,2,3.5,3.8,2,36,3.5,3.31,3.89,3.71,2,1.94,21,1.67,1.62,2.25,2.17,6,0.5,1.83,1.78,1.98,1.93,2.71,3.67,2.58
SC1,01/05/16,Falkirk,Morton,1,0,H,0,0,D,1.5,4,5.5,1.5,3.9,5.25,1.45,4,5.5,1.5,4.3,5.25,,,,1.53,4.33,5.5,1.53,4.33,6.25,36,1.56,1.5,4.33,4.16,6.25,5.67,22,1.61,1.57,2.4,2.27,5,-1,1.88,1.82,1.96,1.88,1.48,4.91,6.57
SC1,01/05/16,Hibernian,Queen of Sth,2,0,H,0,0,D,1.44,4.2,6,1.4,4.33,6,1.4,4.15,6,1.45,4.33,5.5,,,,1.5,4.5,6,1.4,4.6,7.5,36,1.5,1.42,4.7,4.44,7.5,6.43,20,1.62,1.57,2.4,2.26,5,-1.25,1.99,1.94,1.79,1.76,1.34,5.59,9.34
SC1,01/05/16,Livingston,Raith Rvs,0,1,A,0,0,D,2.4,3.6,2.5,2.4,3.5,2.45,2.4,3.55,2.45,2.45,3.7,2.45,,,,2.75,3.5,2.4,2.55,3.6,2.6,36,2.75,2.48,3.74,3.54,2.63,2.5,21,1.76,1.71,2.1,2.01,5,0,1.87,1.84,1.9,1.87,2.58,3.66,2.71
SC1,01/05/16,St Mirren,Rangers,2,2,D,1,0,H,6.5,4.5,1.4,6.25,4.33,1.4,5,3.7,1.55,6,4.6,1.4,,,,7,4.5,1.44,8,4.6,1.4,36,8,6.8,4.75,4.49,1.55,1.4,20,1.61,1.56,2.38,2.27,5,1.25,1.88,1.83,1.92,1.87,6.88,5.04,1.46
