Div,Date,HomeTeam,AwayTeam,FTHG,FTAG,FTR,HTHG,HTAG,HTR,B365H,B365D,B365A,BWH,BWD,BWA,IWH,IWD,IWA,LBH,LBD,LBA,PSH,PSD,PSA,WHH,WHD,WHA,VCH,VCD,VCA,Bb1X2,BbMxH,BbAvH,BbMxD,BbAvD,BbMxA,BbAvA,BbOU,BbMx>2.5,BbAv>2.5,BbMx<2.5,BbAv<2.5,BbAH,BbAHh,BbMxAHH,BbAvAHH,BbMxAHA,BbAvAHA
SC3,08/08/15,Arbroath,Elgin,0,3,A,0,2,A,1.75,3.75,4.5,1.7,3.75,3.9,1.7,3.7,4.05,1.7,3.6,4.2,1.78,3.97,4.53,1.83,3.75,4,1.75,3.9,4.5,41,1.83,1.71,3.97,3.7,4.53,4.1,34,1.67,1.61,2.3,2.18,20,-0.75,2,1.93,1.92,1.86
SC3,08/08/15,Berwick,Montrose,2,1,H,1,1,D,1.73,3.8,4.5,1.7,3.75,3.9,1.65,3.8,4.05,1.7,3.8,4,1.74,4.1,4.59,1.8,3.8,4.2,1.7,4.1,4.5,41,1.8,1.7,4.1,3.79,4.59,4.12,34,1.56,1.53,2.5,2.37,21,-0.75,1.95,1.9,1.96,1.9
SC3,08/08/15,East Stirling,East Fife,1,0,H,0,0,D,3.6,3.6,1.95,3.6,3.6,1.8,3.35,3.5,1.9,3.5,3.5,1.91,3.73,3.79,1.99,3.6,3.5,2,3.8,3.75,1.93,41,3.8,3.36,3.79,3.54,2.1,1.94,34,1.67,1.62,2.26,2.16,20,0.5,1.95,1.88,2,1.92
SC3,08/08/15,Queens Park,Annan Athletic,0,1,A,0,0,D,1.91,3.6,3.8,1.8,3.75,3.5,1.85,3.55,3.55,1.85,3.4,3.6,1.95,3.73,3.93,1.95,3.6,3.75,1.95,3.75,3.5,41,2.05,1.87,3.75,3.53,3.93,3.58,34,1.8,1.71,2.1,2.03,20,-0.5,1.95,1.88,2,1.92
SC3,08/08/15,Stirling,Clyde,0,1,A,0,0,D,2.2,3.4,3.2,2.05,3.3,3.1,2.15,3.35,2.9,2.15,3.5,3,2.28,3.7,3.11,2.38,3.5,2.8,2.3,3.7,2.7,41,2.38,2.21,3.7,3.42,3.2,2.85,34,1.76,1.7,2.13,2.06,20,-0.25,2,1.94,1.91,1.86
SC3,15/08/15,Annan Athletic,Stirling,1,1,D,0,0,D,2,4,3.2,2.05,3.5,3,1.95,3.45,3.25,2.15,3.5,3.25,2.03,3.74,3.63,2.15,3.75,3,2,3.75,3.5,42,2.15,2,4,3.52,3.63,3.23,35,1.74,1.66,2.3,2.11,18,-0.25,1.78,1.74,2.15,2.08
SC3,15/08/15,Clyde,Queens Park,0,2,A,0,0,D,1.91,3.6,3.75,1.78,3.5,3.75,1.9,3.35,3.55,2,3.3,3.8,2,3.6,3.88,2,3.6,3.6,1.95,3.6,3.8,42,2,1.9,3.7,3.42,4.33,3.59,40,1.93,1.84,2,1.9,22,-0.5,2,1.94,1.92,1.86
SC3,15/08/15,East Fife,Berwick,5,0,H,3,0,H,2.1,3.8,3.1,2.1,3.5,2.9,2.1,3.4,2.95,2.2,3.6,3,2.25,3.68,3.13,2.2,3.75,2.9,2.2,3.7,3.13,42,2.25,2.13,3.8,3.48,3.2,2.94,35,1.7,1.65,2.23,2.11,18,-0.5,2.24,2.14,1.74,1.7
SC3,15/08/15,Elgin,East Stirling,4,0,H,2,0,H,1.73,4,4.33,1.72,3.7,3.9,1.75,3.7,3.85,1.8,3.75,4.2,1.81,3.92,4.41,1.8,4,4,1.8,3.9,4.2,42,1.81,1.74,4,3.71,4.41,3.99,35,1.69,1.62,2.3,2.18,22,-0.75,2.08,1.99,1.86,1.81
SC3,15/08/15,Montrose,Arbroath,3,0,H,2,0,H,3.3,3.75,2,3.1,3.5,2,3.2,3.55,1.95,3.25,3.5,2.15,3.58,3.8,2.03,3.3,3.5,2,3.5,3.8,2,42,3.58,3.24,3.8,3.55,2.15,1.97,35,1.62,1.57,2.4,2.26,22,0.5,1.88,1.82,2.05,1.98
SC3,22/08/15,Arbroath,Queens Park,1,2,A,0,1,A,2.2,3.6,3,2.15,3.6,2.75,2.1,3.45,2.9,2.1,3.4,3,2.25,3.67,3.16,2.3,3.4,3,2.2,3.7,3.1,38,2.3,2.16,3.75,3.47,3.16,2.89,32,1.68,1.62,2.25,2.17,22,-0.25,1.96,1.9,1.95,1.9
SC3,22/08/15,East Fife,Elgin,2,1,H,1,1,D,2.1,3.75,3.1,2.15,3.6,2.75,2.05,3.5,3,2.05,3.4,3.1,2.18,3.7,3.26,2.25,3.6,3,2.1,3.75,3.25,38,2.25,2.1,3.8,3.52,3.26,2.99,32,1.63,1.59,2.38,2.24,22,-0.25,1.92,1.82,2.06,1.98
SC3,22/08/15,East Stirling,Annan Athletic,3,1,H,1,1,D,3.5,3.6,2,3.2,3.4,2,3.1,3.45,2,3.1,3.5,2,3.38,3.76,2.11,3.8,3.5,1.95,3.3,3.75,2.1,38,3.8,3.21,3.76,3.52,2.15,2.01,32,1.68,1.62,2.3,2.18,14,0.5,1.81,1.76,2.15,2.06
SC3,22/08/15,Montrose,Clyde,2,0,H,0,0,D,4,3.8,1.8,4.33,3.7,1.65,3.75,3.65,1.75,3.8,3.6,1.8,4.2,3.96,1.84,4,3.75,1.83,4,3.9,1.83,38,4.5,3.9,4,3.7,1.84,1.75,32,1.65,1.6,2.3,2.22,18,0.75,1.82,1.76,2.14,2.05
SC3,22/08/15,Stirling,Berwick,1,3,A,0,2,A,1.8,3.8,4,1.75,3.6,3.8,1.75,3.7,3.75,1.8,3.6,3.8,1.85,3.97,4.11,1.83,3.75,4,1.8,4,4.1,38,1.86,1.76,4,3.7,4.33,3.87,32,1.62,1.58,2.38,2.25,18,-0.75,2.11,2.04,1.82,1.77
SC3,29/08/15,Annan Athletic,Montrose,3,2,H,2,0,H,1.75,4,4.2,1.78,3.4,3.9,1.75,3.7,3.75,1.75,3.75,3.8,1.84,3.99,4.15,1.83,3.75,4,1.83,4,3.9,35,1.84,1.77,4,3.66,4.2,3.86,22,1.6,1.53,2.5,2.35,17,-0.75,2.11,2.03,1.83,1.77
SC3,29/08/15,Berwick,Arbroath,2,2,D,2,1,H,1.85,3.8,3.8,1.78,3.4,3.9,1.8,3.65,3.6,1.8,3.6,3.6,1.88,3.95,4.01,1.91,3.6,3.8,1.87,3.9,3.9,35,1.91,1.82,3.95,3.61,4.01,3.72,22,1.6,1.53,2.5,2.35,20,-0.5,1.9,1.83,2.02,1.97
SC3,29/08/15,Clyde,East Stirling,3,1,H,0,0,D,1.53,4.33,5.5,1.45,4,5.75,1.5,3.85,5.25,1.53,3.8,5.5,1.55,4.31,6.29,1.6,4,5.5,1.57,4.2,5.75,35,1.6,1.51,4.5,3.98,6.29,5.4,22,1.76,1.73,2.14,2.01,20,-1,2.06,1.97,1.92,1.82
SC3,29/08/15,Elgin,Stirling,1,0,H,1,0,H,2,3.6,3.5,2,3.4,3.2,1.95,3.5,3.25,1.95,3.5,3.4,2,3.81,3.67,2,3.6,3.6,2.05,3.75,3.4,35,2.1,1.97,3.81,3.54,3.67,3.3,22,1.65,1.59,2.36,2.22,16,-0.25,1.8,1.75,2.18,2.07
SC3,29/08/15,Queens Park,East Fife,0,2,A,0,1,A,2.38,3.3,2.9,2.1,3.4,2.95,2.2,3.4,2.7,2.1,3.6,3,2.39,3.73,2.87,2.38,3.4,2.88,2.3,3.7,2.88,35,2.39,2.23,3.73,3.44,3,2.81,22,1.6,1.54,2.48,2.33,20,-0.25,2.09,2,1.88,1.8
SC3,05/09/15,Annan Athletic,East Fife,2,0,H,1,0,H,2.6,3.75,2.4,2.5,3.5,2.35,2.6,3.4,2.35,2.55,3.5,2.4,2.83,3.68,2.44,2.6,3.5,2.4,2.75,3.7,2.4,40,2.83,2.62,3.75,3.42,2.44,2.34,25,1.7,1.65,2.23,2.12,20,0,2.12,2.02,1.84,1.77
SC3,05/09/15,Arbroath,Clyde,0,1,A,0,1,A,2.9,3.6,2.25,3.1,3.2,2.1,2.9,3.15,2.2,2.9,3.2,2.25,3.15,3.42,2.35,3,3.2,2.25,3,3.4,2.38,40,3.3,2.92,3.75,3.26,2.38,2.21,30,2.02,1.92,1.92,1.81,21,0.25,1.87,1.81,2.06,1.99
SC3,05/09/15,Berwick,Queens Park,1,0,H,1,0,H,2.88,3.5,2.3,2.8,3.25,2.25,2.65,3.25,2.35,2.65,3.5,2.35,2.75,3.54,2.57,2.62,3.3,2.45,2.8,3.5,2.45,40,2.88,2.65,3.54,3.33,2.57,2.36,25,1.83,1.75,2.15,1.97,17,0.25,1.76,1.7,2.21,2.12
SC3,05/09/15,East Stirling,Stirling,2,3,A,1,2,A,2.7,3.6,2.38,2.55,3.5,2.3,2.65,3.4,2.3,2.62,3.4,2.3,2.75,3.64,2.52,2.7,3.5,2.3,2.8,3.7,2.38,40,2.8,2.63,3.75,3.42,2.52,2.33,25,1.7,1.63,2.27,2.15,20,0.25,1.82,1.75,2.17,2.06
SC3,05/09/15,Montrose,Elgin,2,0,H,1,0,H,3.2,3.5,2.15,3.2,3.4,2,3.05,3.4,2.05,3,3.4,2.1,3.35,3.62,2.17,3.1,3.3,2.15,3.25,3.6,2.15,40,3.35,3.07,3.62,3.41,2.19,2.07,25,1.76,1.68,2.15,2.06,17,0.5,1.76,1.71,2.2,2.12
SC3,12/09/15,Clyde,Annan Athletic,4,2,H,3,1,H,2.05,3.6,3.4,2.05,3.6,2.9,1.95,3.45,3.25,2.05,3.4,3.5,2.07,3.73,3.59,2,3.5,3.3,2.05,3.7,3.4,35,2.09,1.99,3.75,3.48,3.59,3.24,20,1.76,1.68,2.17,2.08,19,-0.25,1.84,1.77,2.14,2.04
SC3,12/09/15,East Fife,Arbroath,0,1,A,0,0,D,1.65,3.8,5.25,1.72,3.6,4,1.65,3.75,4.35,1.7,3.8,4.2,1.69,4.14,5.11,1.75,3.75,4,1.67,4.1,4.8,35,1.75,1.66,4.14,3.77,5.25,4.4,20,1.67,1.62,2.3,2.17,22,-0.75,1.93,1.86,2,1.93
SC3,12/09/15,Elgin,Berwick,4,1,H,1,1,D,2,3.6,3.5,2.1,3.5,2.9,2,3.45,3.15,2.05,3.4,3.4,2.07,3.79,3.53,2.05,3.6,3.1,2.05,3.75,3.4,35,2.1,2.01,3.79,3.47,3.53,3.19,20,1.65,1.58,2.39,2.25,20,-0.25,1.84,1.78,2.09,2.02
SC3,12/09/15,Queens Park,East Stirling,5,1,H,2,0,H,1.73,3.75,4.5,1.72,3.7,3.9,1.75,3.6,3.85,1.7,3.8,4.2,1.83,3.94,4.34,1.83,3.6,3.8,1.8,3.9,4.2,35,1.83,1.75,3.94,3.63,4.5,3.98,20,1.69,1.63,2.3,2.17,22,-0.75,2.08,2,1.87,1.8
SC3,12/09/15,Stirling,Montrose,1,0,H,0,0,D,2.1,3.8,3.1,2.1,3.5,2.9,2.05,3.4,3.05,2.15,3.4,3.2,2.22,3.73,3.22,1.85,3.6,3.1,2.15,3.7,3.2,35,2.22,2.07,3.8,3.45,3.4,3.06,20,1.71,1.65,2.25,2.12,21,-0.25,1.96,1.88,1.97,1.9
SC3,19/09/15,Arbroath,Stirling,2,0,H,0,0,D,2.15,3.6,3.1,2.35,3.5,2.5,2.2,3.4,2.75,2.25,3.4,3,,,,2.5,3.6,2.62,2.3,3.75,2.88,35,2.5,2.28,3.75,3.43,3.1,2.69,20,1.76,1.71,2.13,2.02,20,-0.25,2.02,1.96,1.88,1.83
SC3,19/09/15,Berwick,Annan Athletic,0,2,A,0,1,A,2.15,3.6,3.1,2.2,3.5,2.7,2.15,3.5,2.8,2.25,3.6,2.9,,,,2.25,3.6,3,2.3,3.6,3,35,2.3,2.17,3.8,3.48,3.1,2.81,20,1.59,1.54,2.45,2.31,19,-0.25,2.01,1.92,1.94,1.87
SC3,19/09/15,East Fife,Clyde,1,0,H,1,0,H,2.15,3.6,3.1,2.2,3.5,2.7,2.15,3.4,2.8,2.35,3.5,2.65,,,,2.38,3.6,2.8,2.3,3.6,3,34,2.38,2.21,3.6,3.44,3.1,2.77,20,1.85,1.7,2.1,2.03,17,-0.25,2.02,1.96,1.88,1.83
SC3,19/09/15,Montrose,East Stirling,2,1,H,2,0,H,1.8,3.8,4,1.7,3.75,3.9,1.75,3.7,3.65,1.85,3.8,3.75,,,,1.8,3.6,4.33,1.85,3.8,3.9,34,1.89,1.77,3.8,3.64,4.33,3.81,20,1.59,1.52,2.6,2.38,19,-0.5,1.9,1.84,2.01,1.94
SC3,19/09/15,Queens Park,Elgin,3,1,H,1,0,H,2,3.8,3.3,2.1,3.6,2.8,1.95,3.5,3.2,1.95,3.6,3.3,,,,2.05,3.5,3.3,2,3.8,3.5,34,2.15,2.01,3.8,3.53,3.5,3.09,20,1.66,1.62,2.28,2.17,19,-0.5,2.02,1.96,1.9,1.82
SC3,26/09/15,Annan Athletic,Elgin,1,1,D,1,0,H,2.1,4,3,2.2,3.6,2.65,2.1,3.5,2.95,2.15,3.5,3.1,2.21,3.72,3.23,2.15,3.8,3,2.15,3.75,3.13,39,2.38,2.11,4,3.54,3.23,2.92,30,1.62,1.57,2.36,2.25,21,-0.25,1.92,1.85,2.03,1.93
SC3,26/09/15,Clyde,Berwick,1,1,D,1,0,H,2,3.8,3.3,1.95,3.6,3.1,1.9,3.55,3.3,1.91,3.6,3.6,1.96,3.82,3.86,2,3.8,3.4,1.95,3.8,3.6,39,2,1.91,3.82,3.58,3.86,3.4,30,1.63,1.6,2.34,2.22,21,-0.5,1.99,1.91,1.95,1.87
SC3,26/09/15,East Stirling,Arbroath,0,4,A,0,1,A,2.6,3.8,2.38,2.5,3.6,2.3,2.7,3.4,2.25,2.8,3.5,2.3,2.99,3.65,2.37,2.8,3.5,2.4,2.88,3.7,2.3,39,2.99,2.74,3.8,3.44,2.4,2.26,30,1.7,1.64,2.24,2.14,21,0.25,1.91,1.83,2.05,1.96
SC3,26/09/15,Montrose,East Fife,1,4,A,1,1,D,2.8,3.8,2.25,2.7,3.5,2.2,2.75,3.4,2.2,2.88,3.5,2.2,3.04,3.56,2.38,2.8,3.5,2.38,3,3.5,2.3,39,3.04,2.77,3.8,3.42,2.38,2.24,30,1.8,1.72,2.2,2.01,21,0.25,1.85,1.8,2.05,1.98
SC3,26/09/15,Stirling,Queens Park,1,2,A,1,1,D,2.63,3.6,2.45,2.6,3.5,2.3,2.55,3.3,2.4,2.62,3.5,2.38,2.84,3.6,2.5,2.7,3.4,2.5,2.63,3.6,2.55,39,2.84,2.6,3.75,3.38,2.55,2.38,28,1.74,1.68,2.3,2.07,20,0,2.06,1.95,1.9,1.82
SC3,03/10/15,Arbroath,Annan Athletic,0,2,A,0,2,A,2.1,3.75,3.1,2.1,3.7,2.75,2,3.5,3.05,2.05,3.6,3.3,2.11,3.78,3.43,2.2,3.5,3.1,2.1,3.75,3.25,39,2.2,2.05,3.78,3.54,3.43,3.04,30,1.65,1.57,2.39,2.27,19,-0.25,1.87,1.81,2.07,1.98
SC3,03/10/15,Berwick,East Stirling,2,1,H,0,1,A,1.65,4.2,4.5,1.67,4,3.9,1.65,3.9,4.1,1.67,3.8,4.75,1.69,4.2,4.99,1.67,4.2,4.5,1.67,4.2,4.75,39,1.69,1.63,4.2,3.94,5,4.33,30,1.55,1.51,2.55,2.39,21,-0.75,1.9,1.83,2.02,1.96
SC3,03/10/15,East Fife,Stirling,1,1,D,1,0,H,1.67,4,4.75,1.67,3.8,4,1.65,3.65,4.3,1.73,3.75,4.5,1.71,3.99,5.08,1.73,4,4.2,1.7,3.9,4.8,39,1.73,1.65,4,3.77,5.08,4.37,30,1.79,1.72,2.1,2,20,-0.75,1.95,1.88,2,1.91
SC3,03/10/15,Elgin,Clyde,1,1,D,1,1,D,2.2,4,2.75,2.35,3.7,2.4,2.25,3.4,2.7,2.3,3.5,2.8,2.44,3.66,2.88,2.4,3.5,2.8,2.38,3.7,2.8,39,2.44,2.29,4,3.48,2.91,2.67,30,1.72,1.64,2.29,2.14,21,-0.25,2.11,2.02,1.87,1.78
SC3,03/10/15,Queens Park,Montrose,0,1,A,0,0,D,1.73,4,4.2,1.7,4,3.7,1.65,3.7,4.25,1.67,3.75,4.75,1.68,4.06,5.25,1.73,3.75,4.5,1.73,4,4.5,39,1.75,1.67,4.06,3.77,5.25,4.32,30,1.73,1.67,2.18,2.09,17,-0.75,1.96,1.85,2.02,1.93
SC3,17/10/15,Annan Athletic,Queens Park,3,1,H,2,0,H,2.15,3.75,3,2.35,3.3,2.6,2.2,3.35,2.75,2.3,3.4,2.9,2.34,3.63,3.05,2.5,3.6,2.62,2.3,3.6,3,40,2.5,2.25,3.75,3.42,3.05,2.78,31,1.73,1.67,2.2,2.1,21,-0.25,2.05,1.98,1.87,1.82
SC3,17/10/15,Arbroath,Montrose,3,1,H,1,0,H,1.75,3.75,4.33,1.75,3.7,3.75,1.75,3.6,3.8,1.8,3.6,4,1.88,3.83,4.22,1.91,3.4,4,1.85,3.8,4.1,40,1.91,1.79,3.85,3.56,4.33,3.86,31,1.71,1.65,2.2,2.12,21,-0.5,1.87,1.81,2.06,1.98
SC3,17/10/15,Berwick,East Fife,1,1,D,0,0,D,2.8,3.6,2.3,2.5,3.4,2.4,2.65,3.4,2.3,2.7,3.5,2.4,2.87,3.68,2.44,2.62,3.6,2.5,2.75,3.7,2.4,40,2.87,2.64,3.75,3.42,2.5,2.33,31,1.67,1.62,2.27,2.18,18,0,2.12,2.04,1.81,1.76
SC3,17/10/15,Clyde,Stirling,0,1,A,0,1,A,1.6,4.1,5.25,1.6,3.6,4.75,1.6,3.8,4.65,1.62,3.8,5,1.65,4.18,5.4,1.67,3.8,5,1.62,4.1,5.2,40,1.67,1.59,4.18,3.82,5.4,4.82,31,1.73,1.67,2.25,2.07,21,-0.75,1.84,1.79,2.06,2
SC3,17/10/15,East Stirling,Elgin,2,0,H,1,0,H,4.33,3.8,1.75,4.25,3.9,1.62,3.7,3.7,1.75,3.8,3.8,1.85,4.07,4.05,1.86,4,3.75,1.85,3.9,4,1.83,39,4.33,3.84,4.05,3.75,1.86,1.76,31,1.55,1.51,2.65,2.41,17,0.75,1.82,1.76,2.11,2.03
SC3,31/10/15,East Fife,Annan Athletic,0,1,A,0,1,A,2.05,3.8,3.2,2.1,3.5,2.85,2.05,3.5,3,2.05,3.6,3.25,2.15,3.71,3.38,2.15,3.6,3.2,2.1,3.75,3.25,42,2.16,2.06,3.8,3.51,3.38,3.05,32,1.65,1.6,2.3,2.22,21,-0.25,1.88,1.81,2.07,1.98
SC3,31/10/15,Elgin,Arbroath,2,0,H,1,0,H,2.25,3.6,2.9,2.25,3.5,2.65,2.3,3.4,2.65,2.4,3.5,2.7,2.48,3.67,2.82,2.38,3.75,2.7,2.45,3.7,2.7,42,2.48,2.32,3.75,3.47,2.9,2.64,32,1.61,1.57,2.38,2.26,18,0,1.86,1.8,2.07,1.99
SC3,31/10/15,Montrose,Berwick,4,1,H,2,0,H,2.6,3.6,2.5,2.45,3.4,2.45,2.6,3.4,2.35,2.62,3.5,2.4,2.83,3.63,2.49,2.62,3.6,2.5,2.75,3.7,2.4,42,2.83,2.57,3.75,3.43,2.62,2.4,25,1.66,1.59,2.4,2.22,20,0,2.09,2.01,1.83,1.78
SC3,31/10/15,Queens Park,Clyde,1,1,D,0,1,A,2.1,4.2,2.88,2.1,3.7,2.75,2.15,3.5,2.8,2.25,3.4,2.9,2.3,3.62,3.13,2.25,3.75,2.9,2.25,3.6,3.1,42,2.3,2.16,4.2,3.52,3.13,2.86,32,1.75,1.67,2.3,2.09,21,-0.25,2.02,1.94,1.9,1.84
SC3,31/10/15,Stirling,East Stirling,0,0,D,0,0,D,1.73,4,3.8,1.7,3.9,3.75,1.75,3.7,3.75,1.8,3.8,4,1.83,3.95,4.35,1.75,4,4.2,1.8,4,4.1,41,1.83,1.73,4,3.78,4.35,3.89,31,1.6,1.55,2.41,2.3,19,-0.75,2.07,1.99,1.85,1.8
SC3,07/11/15,Arbroath,East Fife,1,1,D,0,1,A,2.4,3.4,2.8,2.35,3.9,2.35,2.35,3.35,2.6,2.5,3.4,2.7,2.56,3.55,2.8,2.5,3.75,2.5,2.55,3.5,2.7,40,2.56,2.41,3.9,3.41,2.8,2.56,29,1.81,1.75,2.11,1.99,18,0,1.9,1.84,2.04,1.95
SC3,07/11/15,Berwick,Stirling,1,2,A,0,0,D,2.1,3.75,3.1,2.15,3.25,3,2,3.3,3.25,2.05,3.4,3.4,2.12,3.55,3.61,2.15,3.5,3.2,2.1,3.5,3.5,40,2.15,2.04,3.75,3.36,3.61,3.22,29,1.98,1.87,1.94,1.85,16,-0.25,1.85,1.8,2.07,1.99
SC3,07/11/15,Clyde,Montrose,3,1,H,2,0,H,1.7,3.9,4.5,1.7,3.75,3.9,1.7,3.6,4.2,1.73,3.8,4.5,1.75,3.95,4.88,1.75,3.8,4.33,1.73,3.8,4.75,40,1.75,1.69,3.95,3.66,4.88,4.29,31,1.83,1.75,2.08,1.96,12,-0.5,1.76,1.72,2.18,2.11
SC3,07/11/15,East Stirling,Queens Park,2,1,H,0,0,D,3.6,4.33,1.8,3.5,3.75,1.8,3.9,3.55,1.75,4.2,3.75,1.8,4.58,3.9,1.8,4,3.75,1.85,4.33,3.8,1.8,39,4.58,3.9,4.33,3.63,1.85,1.77,25,1.83,1.76,2.08,1.95,15,0.5,2.09,2.01,1.84,1.79
SC3,07/11/15,Elgin,Annan Athletic,3,2,H,2,1,H,2.38,3.4,2.8,2.35,3.75,2.4,2.3,3.45,2.6,2.3,3.6,2.8,2.4,3.7,2.91,2.5,3.75,2.5,2.4,3.75,2.7,40,2.5,2.34,3.8,3.49,2.91,2.59,26,1.68,1.56,2.45,2.28,15,0,1.85,1.79,2.15,2
SC3,14/11/15,Annan Athletic,Berwick,1,0,H,0,0,D,1.91,3.6,3.8,1.87,3.7,3.3,1.9,3.55,3.3,2,3.6,3.4,2.07,3.84,3.5,2,3.75,3.4,1.95,3.8,3.6,41,2.07,1.9,3.84,3.55,3.8,3.44,31,1.6,1.52,2.55,2.38,16,-0.75,2.36,2.21,1.7,1.65
SC3,14/11/15,Clyde,Elgin,4,2,H,2,2,D,1.91,3.75,3.6,2,3.6,3,1.95,3.5,3.25,2.05,3.5,3.4,2.05,3.76,3.63,2.05,3.6,3.4,2.05,3.7,3.4,41,2.2,1.98,3.76,3.46,3.63,3.28,31,1.71,1.66,2.21,2.09,16,-0.25,1.85,1.77,2.1,2.02
SC3,14/11/15,East Fife,East Stirling,5,3,H,1,2,A,1.4,4.5,7.5,1.42,4.33,5.75,1.4,4.35,6,1.4,4.5,7,1.44,4.92,7.52,1.44,4.5,6.5,1.45,4.75,6.5,41,1.53,1.41,4.92,4.37,7.52,6.22,31,1.57,1.54,2.5,2.32,16,-1,1.76,1.7,2.27,2.13
SC3,14/11/15,Stirling,Arbroath,3,1,H,0,1,A,2.88,3.8,2.2,2.4,3.6,2.4,2.65,3.4,2.3,2.88,3.5,2.3,2.98,3.58,2.41,2.5,3.8,2.5,2.88,3.6,2.4,41,2.98,2.69,3.8,3.43,2.5,2.32,31,1.79,1.71,2.2,2.03,16,0,2.17,2.06,1.8,1.74
SC3,17/11/15,Montrose,Queens Park,1,6,A,1,3,A,2.9,3.5,2.3,2.85,3.3,2.2,2.75,3.4,2.2,2.88,3.5,2.3,2.95,3.67,2.39,3,3.6,2.2,2.7,3.5,2.25,41,3.2,2.83,3.75,3.44,2.4,2.22,32,1.73,1.66,2.23,2.12,21,0.25,1.86,1.79,2.11,2.02
SC3,21/11/15,Annan Athletic,Arbroath,2,2,D,1,0,H,2,3.6,3.5,1.87,3.7,3.25,1.95,3.5,3.25,2,3.6,3.4,2.07,3.75,3.57,2.05,3.6,3.4,2,3.8,3.5,37,2.07,1.95,4,3.51,4.33,3.37,31,1.69,1.63,2.25,2.16,20,-0.5,2.07,1.99,1.86,1.81
SC3,21/11/15,Berwick,Clyde,0,5,A,0,1,A,2.55,3.4,2.63,2.3,3.5,2.55,2.45,3.3,2.5,2.62,3.5,2.5,2.69,3.56,2.65,2.5,3.6,2.62,2.55,3.6,2.63,43,2.69,2.48,3.75,3.36,2.74,2.52,32,1.77,1.68,2.25,2.07,21,0,1.97,1.89,2.03,1.9
SC3,21/11/15,East Stirling,Montrose,3,1,H,1,0,H,2.75,3.5,2.4,2.55,3.7,2.25,2.6,3.45,2.3,2.75,3.6,2.38,2.83,3.73,2.45,2.62,3.8,2.38,2.75,3.75,2.38,42,2.83,2.65,3.8,3.5,2.45,2.3,31,1.57,1.55,2.53,2.32,20,0.25,1.82,1.76,2.14,2.05
SC3,21/11/15,Elgin,East Fife,4,2,H,2,2,D,2.5,3.4,2.7,2.2,3.5,2.7,2.35,3.35,2.6,2.4,3.6,2.62,2.56,3.66,2.73,2.25,3.75,2.9,2.45,3.7,2.7,43,2.56,2.37,3.75,3.4,2.92,2.63,32,1.65,1.61,2.38,2.22,17,-0.25,2.23,2.15,1.73,1.69
SC3,21/11/15,Queens Park,Stirling,1,0,H,0,0,D,1.83,3.5,4.33,1.85,3.6,3.4,1.8,3.5,3.7,1.85,3.6,3.8,1.89,3.79,4.22,1.91,3.6,3.8,1.83,3.8,4.2,38,1.91,1.81,3.85,3.54,4.36,3.87,31,1.81,1.71,2.19,2.04,15,-0.5,1.86,1.82,2.06,1.98
SC3,05/12/15,Stirling,Elgin,3,1,H,0,1,A,2.38,3.4,2.88,2.45,3.4,2.45,2.4,3.35,2.55,2.4,3.4,2.75,2.56,3.58,2.78,2.5,3.3,2.75,2.45,3.6,2.75,43,2.56,2.41,3.6,3.33,2.88,2.62,26,1.74,1.66,2.3,2.11,20,0,1.86,1.8,2.05,1.99
SC3,08/12/15,East Fife,Queens Park,0,2,A,0,0,D,2.3,3.5,2.9,2.05,3.5,2.95,2.3,3.35,2.7,2.4,3.5,2.8,2.5,3.54,2.88,2.25,3.75,2.8,2.4,3.5,2.88,49,2.5,2.3,3.75,3.37,3,2.76,38,1.83,1.73,2.2,2.01,24,-0.25,2.15,2.06,1.81,1.75
SC3,12/12/15,Annan Athletic,East Stirling,3,1,H,2,0,H,1.4,4.5,7.5,1.4,4.33,6,1.4,4.4,5.75,1.44,4.75,6,1.45,4.98,7.12,1.44,4.75,6.5,1.44,4.75,7,42,1.45,1.4,4.98,4.52,7.5,6.35,32,1.5,1.45,2.75,2.57,20,-1.25,2,1.89,1.96,1.9
SC3,12/12/15,Berwick,Elgin,2,3,A,1,2,A,2.3,3.6,2.75,2.4,3.4,2.5,2.3,3.4,2.6,2.38,3.5,2.8,2.47,3.62,2.86,2.3,3.6,2.88,2.38,3.7,2.8,42,2.5,2.3,3.75,3.45,2.88,2.7,25,1.72,1.65,2.25,2.12,16,0,1.8,1.75,2.11,2.05
SC3,12/12/15,Clyde,East Fife,2,0,H,1,0,H,1.95,3.8,3.5,1.95,3.8,3,1.95,3.5,3.2,2.05,3.6,3.4,2.07,3.67,3.65,2.05,3.6,3.4,2.05,3.7,3.4,42,2.08,1.98,3.8,3.51,3.65,3.27,27,1.78,1.69,2.15,2.05,16,-0.25,1.82,1.76,2.12,2.04
SC3,12/12/15,Montrose,Stirling,1,3,A,0,1,A,2.38,4,2.55,2.2,3.5,2.7,2.4,3.45,2.5,2.4,3.6,2.62,2.59,3.65,2.7,2.4,3.6,2.7,2.5,3.75,2.6,42,2.59,2.4,4,3.47,2.7,2.56,26,1.64,1.56,2.4,2.29,19,0,1.92,1.86,1.99,1.92
SC3,12/12/15,Queens Park,Arbroath,1,0,H,1,0,H,1.67,3.8,5,1.75,3.8,3.6,1.65,3.75,4.2,1.75,3.8,4.33,1.76,4.01,4.68,1.75,4,4.2,1.67,4,5,42,1.8,1.7,4.01,3.74,5,4.16,26,1.69,1.61,2.3,2.19,14,-0.5,1.8,1.74,2.16,2.05
SC3,15/12/15,Arbroath,Berwick,3,1,H,0,1,A,1.91,3.6,3.75,1.91,3.4,3.4,1.85,3.5,3.5,1.91,3.75,3.6,1.93,3.88,3.96,1.95,3.75,3.6,1.87,3.8,3.8,47,2,1.89,3.88,3.54,3.96,3.58,26,1.65,1.6,2.3,2.22,23,-0.5,1.94,1.87,2,1.93
SC3,15/12/15,Montrose,Annan Athletic,1,1,D,0,1,A,3.75,4,1.83,3.6,3.75,1.78,3.5,3.75,1.8,3.6,3.8,1.85,3.9,4.04,1.9,4,4.2,1.75,3.7,4,1.85,47,4.15,3.67,4.2,3.78,1.91,1.8,27,1.51,1.45,2.7,2.57,20,0.75,1.81,1.74,2.15,2.08
SC3,19/12/15,Clyde,Arbroath,0,2,A,0,0,D,1.73,4,4.2,1.8,3.5,3.7,1.7,3.7,4,1.75,3.8,4.33,1.77,4.01,4.64,1.83,3.75,4,1.8,3.9,4.2,42,1.83,1.73,4.01,3.68,4.64,4.07,24,1.7,1.64,2.25,2.14,20,-0.5,1.83,1.76,2.15,2.05
SC3,19/12/15,East Fife,Montrose,1,1,D,1,1,D,1.65,4,4.75,1.65,3.7,4.25,1.6,3.85,4.35,1.65,4,4.75,1.66,4.23,5.25,1.73,3.8,4.5,1.67,4,5,42,1.73,1.63,4.23,3.83,5.25,4.52,24,1.62,1.55,2.43,2.32,22,-0.75,1.93,1.83,2.06,1.97
SC3,19/12/15,East Stirling,Berwick,0,4,A,0,2,A,2.8,3.75,2.25,2.5,3.4,2.4,2.6,3.5,2.3,2.8,3.6,2.38,2.88,3.71,2.42,2.8,3.75,2.3,2.75,3.75,2.38,36,2.88,2.65,3.75,3.49,2.5,2.33,25,1.6,1.54,2.5,2.34,18,0,2.13,2.05,1.81,1.75
SC3,19/12/15,Elgin,Queens Park,0,0,D,0,0,D,2.63,3.8,2.35,2.4,3.6,2.4,2.55,3.45,2.35,2.7,3.6,2.4,2.83,3.68,2.47,2.5,3.6,2.62,2.7,3.7,2.45,42,2.83,2.58,3.8,3.49,2.62,2.38,24,1.65,1.59,2.43,2.25,21,0,2.1,1.98,1.88,1.81
SC3,19/12/15,Stirling,Annan Athletic,1,0,H,0,0,D,2.55,3.6,2.38,2.6,3.5,2.25,2.65,3.4,2.3,2.75,3.5,2.4,2.85,3.59,2.49,2.75,3.6,2.4,2.6,3.6,2.5,42,2.85,2.64,3.6,3.44,2.5,2.35,24,1.78,1.67,2.2,2.09,20,0.25,1.78,1.73,2.16,2.09
SC3,26/12/15,Annan Athletic,Clyde,2,3,A,1,2,A,2.1,3.6,3.2,2.2,3.4,2.8,2.1,3.35,2.95,2.2,3.5,3.1,2.24,3.6,3.26,2.3,3.75,2.8,2.2,3.5,3.1,47,2.3,2.15,3.75,3.41,3.26,2.98,35,1.84,1.74,2.08,1.99,27,-0.25,2,1.91,1.95,1.89
SC3,26/12/15,Elgin,Montrose,2,0,H,0,0,D,1.7,3.75,4.75,1.75,3.6,3.8,1.7,3.65,4.1,1.75,3.8,4.2,1.76,4.15,4.54,1.73,3.9,4.33,1.73,4,4.3,47,1.76,1.7,4.15,3.74,4.75,4.19,35,1.65,1.56,2.53,2.28,26,-0.75,2,1.94,1.91,1.85
SC3,26/12/15,Queens Park,Berwick,0,1,A,0,0,D,1.57,4,5.5,1.62,3.75,4.4,1.55,3.8,4.75,1.62,3.8,5.25,1.63,4.17,5.64,1.67,3.8,5,1.6,4.1,5.25,47,1.67,1.58,4.25,3.81,5.64,5.02,35,1.75,1.68,2.15,2.08,23,-1,2.23,2.06,1.81,1.75
SC3,26/12/15,Stirling,East Fife,1,3,A,1,2,A,2.1,3.5,3.3,2.1,3.4,2.95,2.05,3.35,3.1,2.1,3.4,3.4,2.1,3.63,3.6,2.15,3.5,3.2,2,3.6,3.4,47,2.15,2.04,3.63,3.4,3.6,3.21,34,1.88,1.74,2.1,2,25,-0.25,1.89,1.82,2.07,1.98
SC3,02/01/16,Clyde,Queens Park,0,1,A,0,1,A,2.3,3.6,2.8,2.2,3.3,2.85,2.25,3.2,2.8,2.4,3.3,2.9,2.5,3.41,3.02,2.25,3.75,2.9,2.38,3.4,3,49,2.5,2.31,3.75,3.27,3.02,2.85,29,2,1.86,2,1.86,27,-0.25,2.13,2.02,1.85,1.78
SC3,02/01/16,East Fife,Elgin,0,2,A,0,0,D,2.25,3.6,2.9,2.1,3.6,2.8,2.2,3.4,2.8,2.3,3.4,3,2.34,3.62,3.12,2.1,3.8,3.1,2.25,3.7,3,49,2.34,2.21,3.8,3.43,3.12,2.88,27,1.72,1.62,2.4,2.18,27,-0.25,2.04,1.97,1.9,1.84
SC3,02/01/16,East Stirling,Stirling,3,2,H,2,0,H,5.75,4,1.55,4.33,3.9,1.6,4.8,3.95,1.55,5.25,4.2,1.6,5.4,4.34,1.63,5,4.2,1.62,6,4.33,1.53,49,6,4.96,4.34,3.96,1.85,1.57,28,1.62,1.56,2.4,2.29,23,0.5,2.52,2.38,1.64,1.57
SC3,02/01/16,Montrose,Arbroath,0,2,A,0,1,A,3.75,4,1.83,3.1,3.8,1.91,3.55,3.6,1.8,3.75,3.75,1.91,4.19,3.99,1.85,3.75,3.75,1.91,3.8,4,1.87,49,4.19,3.7,4,3.65,2,1.84,27,1.6,1.56,2.4,2.3,24,0.25,2.39,2.24,1.68,1.64
SC3,09/01/16,Arbroath,Elgin,2,3,A,1,1,D,2.4,3.6,2.7,2.4,3.5,2.45,2.35,3.5,2.5,2.3,3.6,2.8,,,,2.4,3.75,2.45,2.4,3.75,2.7,36,2.5,2.35,3.75,3.57,2.8,2.56,21,1.62,1.58,2.35,2.24,15,0,1.84,1.75,2.1,2.03
SC3,09/01/16,East Fife,Berwick,1,0,H,0,0,D,2,3.75,3.4,1.9,3.7,3.2,1.95,3.6,3.2,2.05,3.6,3.3,,,,1.91,4,3.1,2,3.8,3.5,36,2.05,1.93,4,3.71,3.8,3.28,22,1.62,1.58,2.3,2.23,16,-0.5,2.07,2,1.83,1.78
SC3,09/01/16,Montrose,East Stirling,3,2,H,0,2,A,1.8,3.8,4,1.78,3.7,3.6,1.8,3.75,3.55,1.85,3.8,3.8,,,,1.85,4,3.3,1.83,4,3.9,36,2,1.81,4,3.78,4,3.63,22,1.58,1.55,2.4,2.31,16,-0.5,1.86,1.82,2.03,1.96
SC3,16/01/16,Annan Athletic,East Fife,2,4,A,0,4,A,2.1,3.6,3.3,2,3.4,3.2,2.05,3.35,3.1,2.1,3.5,3.3,2.21,3.6,3.33,2.1,3.5,3.4,2.15,3.6,3.25,42,2.21,2.09,3.6,3.39,3.5,3.16,37,1.78,1.71,2.15,2.06,22,-0.5,2.2,2.12,1.78,1.72
SC3,16/01/16,Queens Park,Montrose,1,1,D,0,1,A,1.36,4.75,8,1.36,4.25,7.25,1.35,4.5,6.75,1.4,4.5,8,1.41,4.9,8.48,1.4,4.5,7.5,1.36,5,9,42,1.41,1.36,5,4.55,9,7.25,31,1.64,1.6,2.4,2.24,21,-1,1.64,1.6,2.41,2.32
SC3,23/01/16,Arbroath,Annan Athletic,2,1,H,0,0,D,1.91,3.8,3.6,1.95,3.6,3.1,1.9,3.6,3.2,1.95,3.8,3.5,2,3.94,3.61,2.05,3.75,3.3,1.95,3.9,3.5,43,2.05,1.94,3.94,3.65,3.63,3.3,32,1.57,1.52,2.5,2.37,20,-0.25,1.77,1.73,2.17,2.1
SC3,23/01/16,East Stirling,East Fife,1,3,A,1,2,A,5.25,4.5,1.53,4.6,4,1.55,5,4.1,1.5,5.5,4.33,1.55,5.49,4.49,1.6,5.5,4,1.6,5.75,4.5,1.53,43,5.75,5.15,4.6,4.1,1.6,1.53,32,1.56,1.52,2.5,2.38,22,0.75,2.26,2.17,1.75,1.68
SC3,23/01/16,Elgin,Berwick,1,0,H,1,0,H,1.67,4.2,4.5,1.6,3.75,4.6,1.65,3.85,4.1,1.7,4,4.33,1.72,4.2,4.74,1.7,4,4.5,1.7,4.2,4.5,41,1.75,1.66,4.2,3.87,4.8,4.35,31,1.67,1.55,2.5,2.3,18,-0.75,1.93,1.88,1.97,1.92
SC3,23/01/16,Montrose,Clyde,2,1,H,1,1,D,4.33,3.8,1.75,3.9,3.5,1.75,4.15,3.65,1.7,4.33,3.8,1.75,4.47,3.86,1.83,4.5,3.75,1.75,2.7,3.5,1.75,43,4.53,4.2,3.86,3.61,1.85,1.73,32,1.73,1.66,2.2,2.11,22,0.5,2.16,2.09,1.83,1.73
SC3,23/01/16,Stirling,Queens Park,0,0,D,0,0,D,2.8,3.4,2.4,2.55,3.4,2.35,2.7,3.15,2.35,2.8,3.3,2.4,2.92,3.49,2.49,2.9,3.3,2.45,2.8,3.4,2.5,43,2.92,2.72,3.6,3.27,2.53,2.38,39,2.01,1.93,1.92,1.82,23,0,2.1,2.01,1.85,1.78
SC3,30/01/16,Annan Athletic,Elgin,4,2,H,2,0,H,2.6,4,2.3,2.45,3.8,2.3,2.55,3.55,2.3,2.75,3.6,2.4,2.85,3.73,2.43,2.7,3.6,2.45,2.7,3.75,2.4,39,2.85,2.62,4,3.58,2.45,2.3,25,1.67,1.57,2.42,2.25,17,0.25,1.79,1.73,2.12,2.05
SC3,30/01/16,East Fife,Clyde,2,0,H,0,0,D,2,4.1,3.1,2,3.75,2.9,1.95,3.5,3.2,2.05,3.5,3.5,2.08,3.63,3.65,2.05,3.6,3.4,2,3.7,3.6,39,2.1,1.99,4.1,3.54,3.65,3.25,24,1.88,1.75,2.08,1.97,15,-0.25,1.8,1.74,2.11,2.05
SC3,30/01/16,East Stirling,Arbroath,0,3,A,0,1,A,4,4.2,1.73,3.6,3.6,1.8,3.85,3.85,1.7,4,4,1.75,4.66,4.19,1.74,4,4.2,1.75,4.2,4.2,1.75,39,4.66,3.96,4.2,3.91,1.9,1.71,25,1.52,1.49,2.63,2.45,15,0.5,2.2,2.06,1.78,1.73
SC3,06/02/16,Arbroath,Stirling,1,1,D,0,0,D,2.05,3.8,3.2,2.1,3.5,2.85,2.05,3.4,3.05,2.1,3.5,3.3,2.13,3.66,3.48,2.1,3.6,3.3,2.1,3.7,3.3,43,2.13,2.06,3.8,3.47,3.48,3.15,25,1.77,1.7,2.17,2.04,23,-0.25,1.9,1.82,2.07,1.99
SC3,06/02/16,Berwick,East Stirling,2,2,D,1,1,D,1.44,4.5,6.5,1.4,4.5,5.75,1.45,4.3,5.5,1.5,4.5,6,1.5,4.82,6.5,1.5,4.5,5.5,1.45,4.8,6.5,42,1.55,1.45,4.82,4.34,6.5,5.75,23,1.55,1.52,2.55,2.39,20,-1,1.82,1.75,2.16,2.06
SC3,06/02/16,Montrose,East Fife,2,2,D,0,1,A,4.75,4,1.67,4.2,3.75,1.65,4.2,3.8,1.65,4.5,3.8,1.7,4.91,4.08,1.72,4.5,4,1.7,4.75,4,1.7,43,4.91,4.39,4.08,3.8,1.74,1.67,23,1.69,1.61,2.32,2.19,22,0.75,1.98,1.91,1.97,1.88
SC3,06/02/16,Queens Park,Elgin,0,0,D,0,0,D,2,3.6,3.5,1.95,3.5,3.2,1.9,3.4,3.35,2,3.5,3.6,2.02,3.69,3.78,2.05,3.6,3.4,2,3.6,3.7,37,2.05,1.96,3.69,3.43,3.78,3.43,25,1.83,1.73,2.1,2,21,-0.5,2.08,1.96,1.89,1.83
SC3,09/02/16,Stirling,Montrose,7,0,H,3,0,H,1.57,3.8,5.75,1.6,3.5,5,1.6,3.75,4.65,1.62,4,5,1.66,4.2,5.28,1.62,4,5,1.6,4.1,5.5,46,1.67,1.61,4.2,3.81,5.75,4.85,35,1.74,1.68,2.2,2.09,19,-0.5,1.67,1.6,2.37,2.27
SC3,13/02/16,Annan Athletic,Montrose,3,3,D,1,1,D,1.57,3.8,5,1.65,3.8,4.1,1.65,3.7,4.25,1.62,4,4.33,1.63,4.34,5.41,1.67,3.8,5,1.65,4,5.2,37,1.67,1.59,4.34,3.91,5.41,4.75,30,1.7,1.56,2.45,2.29,19,-0.75,1.82,1.77,2.1,2
SC3,13/02/16,East Fife,Arbroath,2,1,H,1,0,H,1.85,3.5,3.7,1.75,3.5,3.9,1.75,3.45,3.95,2,3.4,3.6,2.07,3.6,3.73,2,3.5,3.6,1.95,3.6,3.8,37,2.07,1.9,3.6,3.44,4.2,3.57,23,1.83,1.73,2.15,2,19,-0.5,2.06,1.94,1.9,1.84
SC3,13/02/16,Elgin,Clyde,1,0,H,1,0,H,1.7,3.8,4.2,1.7,3.7,4,1.55,4,4.6,1.67,4,4.1,1.87,3.84,4.27,1.8,3.75,4.2,1.8,3.9,4.33,37,1.87,1.72,4,3.7,5,4.12,30,1.72,1.65,2.25,2.14,15,-0.75,2.13,1.98,1.86,1.81
SC3,13/02/16,Queens Park,East Stirling,0,3,A,0,2,A,1.35,4.75,7,1.4,4.4,6,1.4,4.4,6.5,1.4,4.6,6.5,1.36,5.2,9.61,1.4,5,7,1.4,4.8,8,37,1.44,1.36,5.2,4.58,9.61,7.28,31,1.69,1.62,2.28,2.18,16,-1.25,1.91,1.86,2.08,1.94
SC3,13/02/16,Stirling,Berwick,2,1,H,2,1,H,1.73,3.4,4.33,1.8,3.6,3.6,1.85,3.55,3.45,1.8,3.8,3.6,1.83,3.8,4.5,1.83,3.75,4,1.8,3.8,4.3,37,1.85,1.77,3.8,3.57,4.5,4.01,29,1.81,1.67,2.25,2.11,18,-0.5,1.87,1.78,2.07,1.99
SC3,16/02/16,Berwick,Annan Athletic,3,2,H,2,0,H,2.6,3.6,2.5,2.6,3.6,2.25,2.55,3.4,2.4,2.6,3.6,2.5,2.69,3.7,2.57,2.62,3.6,2.5,2.55,3.6,2.5,46,2.76,2.55,3.7,3.45,2.57,2.43,25,1.62,1.58,2.37,2.24,21,0.25,1.73,1.69,2.24,2.16
SC3,20/02/16,Arbroath,Queens Park,0,1,A,0,1,A,2.4,3.4,2.63,2.4,3.25,2.6,,,,2.25,3.75,2.62,,,,2.5,3.5,2.7,2.45,3.7,2.7,36,2.5,2.38,3.75,3.43,2.7,2.59,20,1.65,1.57,2.4,2.26,3,0,1.85,1.83,1.92,1.91
SC3,20/02/16,Clyde,Berwick,2,1,H,2,0,H,1.8,3.5,4,1.8,3.4,3.9,,,,1.75,3.9,3.8,,,,1.8,3.6,4.33,1.8,3.75,4.3,36,1.83,1.78,3.9,3.53,4.33,3.93,21,1.62,1.56,2.38,2.26,3,0,1.37,1.36,3.05,3.02
SC3,20/02/16,East Fife,Stirling,1,0,H,0,0,D,1.8,3.5,4,1.83,3.4,3.75,,,,1.75,3.9,3.8,,,,1.8,3.75,4.2,1.87,3.6,4.2,36,1.88,1.8,3.9,3.53,4.2,3.88,21,1.68,1.63,2.25,2.15,3,0,1.39,1.38,2.95,2.95
SC3,20/02/16,East Stirling,Annan Athletic,0,1,A,0,0,D,3.1,3.4,2.1,3.1,3.25,2.1,,,,3,3.9,2,,,,3.3,3.5,2.1,3.4,3.6,2.1,36,3.4,3.09,3.9,3.47,2.1,2.06,21,1.57,1.52,2.5,2.36,3,0,2.35,2.32,1.57,1.57
SC3,20/02/16,Montrose,Elgin,3,1,H,1,0,H,4,3.75,1.73,4,3.7,1.7,,,,3.9,4.2,1.7,,,,4.2,4,1.73,4.3,4.2,1.73,36,4.3,3.98,4.2,3.8,1.77,1.71,21,1.56,1.51,2.5,2.38,3,0,3.1,3.1,1.35,1.34
SC3,23/02/16,Arbroath,East Stirling,0,0,D,0,0,D,1.5,4,7,1.53,4,4.75,1.5,4.05,5.25,1.5,4.2,6,1.56,4.45,6.04,1.53,3.8,6.5,1.53,4.33,6,45,1.62,1.49,4.45,4.06,7,5.67,24,1.62,1.56,2.47,2.27,17,-0.75,1.68,1.63,2.35,2.29
SC3,23/02/16,Berwick,Queens Park,1,1,D,1,1,D,2.8,3.5,2.4,2.75,3.4,2.2,2.75,3.25,2.3,2.9,3.3,2.38,3.02,3.52,2.41,2.75,3.6,2.38,3,3.4,2.38,45,3.02,2.78,3.6,3.31,2.41,2.31,26,2,1.85,2,1.87,25,0.25,1.84,1.77,2.11,2.03
SC3,23/02/16,Stirling,Clyde,1,2,A,1,0,H,2.25,3.4,3.1,2.2,3.2,2.9,2.25,3.3,2.8,2.3,3.4,2.9,2.44,3.48,2.99,2.38,3.4,2.88,2.3,3.5,3,45,2.44,2.29,3.5,3.28,3.4,2.82,26,1.85,1.73,2.1,2.01,25,-0.25,2.1,2.01,1.86,1.79
SC3,27/02/16,Annan Athletic,Stirling,2,2,D,1,0,H,2.38,3.75,2.63,2.1,3.6,2.8,,,,2.3,3.6,2.8,2.46,3.72,2.82,2.38,3.6,2.8,2.4,3.7,2.75,44,2.49,2.33,3.75,3.49,2.82,2.66,33,1.68,1.61,2.35,2.21,23,-0.25,2.2,2.08,1.79,1.74
SC3,27/02/16,Arbroath,Clyde,0,1,A,0,0,D,2.3,3.6,2.8,2.2,3.75,2.55,,,,2.38,3.4,2.9,2.37,3.72,2.94,2.4,3.75,2.62,2.38,3.7,2.8,44,2.4,2.25,3.83,3.49,2.94,2.77,32,1.83,1.75,2.07,1.98,26,-0.25,2.05,1.97,1.9,1.83
SC3,27/02/16,Berwick,Montrose,1,0,H,0,0,D,1.83,3.75,4,1.9,3.7,3.2,,,,1.85,3.75,3.8,1.94,3.89,3.87,1.85,3.8,3.8,1.9,3.8,3.8,43,1.94,1.83,3.93,3.65,4,3.68,31,1.67,1.62,2.3,2.2,22,-0.5,1.94,1.88,1.99,1.91
SC3,27/02/16,Elgin,East Stirling,2,0,H,0,0,D,1.33,5.5,7.5,1.33,5.5,5.75,,,,1.36,5,7.5,1.36,5.45,9.18,1.33,5.5,7.5,1.33,5.25,8.5,43,1.4,1.32,5.5,5.02,9.18,7.27,32,1.53,1.49,2.65,2.48,27,-1.5,2.05,1.97,1.89,1.82
SC3,27/02/16,Queens Park,East Fife,3,0,H,0,0,D,2.4,3.75,2.63,2.3,3.4,2.65,,,,2.4,3.3,2.88,2.57,3.31,2.94,2.4,3.6,2.7,2.45,3.4,2.9,44,2.57,2.4,3.75,3.29,2.94,2.71,36,2.25,2.1,1.87,1.69,24,-0.25,2.2,2.09,1.8,1.73
SC3,01/03/16,Clyde,East Stirling,0,1,A,0,1,A,1.36,5,7.5,1.33,4.6,7,1.35,4.55,6.5,1.4,4.75,6.5,1.38,5.28,8.51,1.44,4.5,7,1.36,5.2,8,47,1.44,1.36,5.28,4.65,8.51,7.1,31,1.6,1.53,2.53,2.34,23,-1.25,1.91,1.82,2.07,1.99
SC3,05/03/16,Annan Athletic,Clyde,3,3,D,2,0,H,2.25,3.6,2.7,2.2,3.5,2.7,2.2,3.5,2.7,2.3,3.6,2.8,,,,2.3,3.75,2.8,2.3,3.75,2.88,34,2.3,2.24,3.75,3.56,2.88,2.71,28,1.6,1.55,2.4,2.31,11,-0.25,2.06,2.02,1.8,1.78
SC3,05/03/16,East Stirling,Montrose,2,4,A,0,1,A,2.3,3.8,2.75,2.05,3.6,2.9,2.1,3.65,2.8,2.05,4,2.88,,,,2.1,4,3,2.25,3.8,2.9,34,2.32,2.14,4,3.57,3,2.79,21,1.5,1.44,2.75,2.59,14,-0.25,2.04,1.95,1.83,1.77
SC3,05/03/16,Elgin,East Fife,1,3,A,1,2,A,2,3.75,3.1,1.95,3.6,3.1,1.95,3.65,3.05,1.95,3.9,3.1,,,,2,3.8,3.3,2.05,3.9,3.3,33,2.05,1.98,3.9,3.68,3.3,3.11,28,1.6,1.55,2.4,2.31,4,-0.25,1.83,1.79,2.07,1.99
SC3,05/03/16,Queens Park,Berwick,0,0,D,0,0,D,1.67,3.8,4.33,1.62,3.7,4.4,1.65,3.7,4.25,1.65,4,4.2,,,,1.7,4,4.5,1.7,4,4.75,34,1.7,1.65,4,3.78,4.75,4.42,28,1.83,1.76,2.15,1.98,5,-0.75,1.93,1.89,1.95,1.9
SC3,05/03/16,Stirling,Arbroath,1,0,H,0,0,D,2.25,3.75,2.6,2.2,3.5,2.7,2.2,3.5,2.7,2.15,3.7,2.8,,,,2.3,3.8,2.75,2.3,3.7,2.88,34,2.3,2.24,3.8,3.57,2.9,2.71,21,1.83,1.69,2.25,2.06,4,-0.25,2.04,2.01,1.8,1.77
SC3,08/03/16,Berwick,Arbroath,3,0,H,1,0,H,2.63,3.4,2.55,2.4,3.5,2.45,2.5,3.3,2.45,2.7,3.3,2.5,2.77,3.49,2.61,2.62,3.4,2.6,2.63,3.5,2.6,47,2.84,2.57,3.51,3.32,2.7,2.47,31,1.94,1.81,2.07,1.93,27,0,2.05,1.94,1.94,1.85
SC3,08/03/16,East Stirling,Clyde,0,3,A,0,1,A,5.5,4.2,1.55,4.75,4.1,1.53,4.85,3.95,1.55,5.25,4,1.57,6.05,4.36,1.57,5,4.2,1.6,5.5,4.3,1.57,47,6.05,5.13,4.36,4.04,1.65,1.54,33,1.7,1.63,2.31,2.18,23,0.75,2.21,2.13,1.74,1.7
SC3,08/03/16,Elgin,Stirling,2,1,H,1,1,D,1.65,3.5,5.75,1.72,3.3,4.4,1.6,3.6,4.65,1.67,3.8,5,1.7,3.98,5.24,1.7,3.75,4.8,1.67,3.9,5.2,47,1.75,1.67,3.98,3.63,5.75,4.61,33,1.87,1.79,2.03,1.93,23,-0.5,1.73,1.69,2.25,2.16
SC3,12/03/16,Arbroath,East Stirling,3,0,H,1,0,H,1.44,4,8,1.45,4,5.75,,,,1.48,4.33,6,1.5,4.73,6.66,1.5,4.33,6,1.5,4.4,6,42,1.5,1.45,4.73,4.29,8,5.94,22,1.55,1.51,2.53,2.41,20,-1,1.84,1.79,2.11,2
SC3,12/03/16,Berwick,Stirling,1,0,H,1,0,H,2.55,3.6,2.55,2.6,3.4,2.3,2.6,3.5,2.3,2.5,3.3,2.7,2.6,3.44,2.82,2.5,3.6,2.62,2.55,3.6,2.63,42,2.6,2.46,3.6,3.34,2.82,2.58,23,1.83,1.72,2.1,2.01,24,0,1.91,1.84,2.04,1.95
SC3,12/03/16,Clyde,Elgin,1,0,H,1,0,H,2.15,3.3,3.4,2.2,3.2,2.95,2.15,3.25,2.95,2.25,3.4,3.1,2.29,3.56,3.2,2.25,3.4,3.1,2.25,3.5,3.1,42,2.3,2.19,3.56,3.36,3.4,2.96,23,1.74,1.67,2.2,2.09,23,-0.25,2,1.94,1.95,1.86
SC3,12/03/16,East Fife,Annan Athletic,4,2,H,2,0,H,1.91,3.6,3.8,1.78,3.4,4,1.8,3.45,3.9,1.85,3.6,4,1.9,3.82,4.13,1.91,3.6,3.8,1.9,3.8,3.8,42,1.91,1.84,3.82,3.55,4.13,3.74,22,1.67,1.61,2.3,2.19,23,-0.5,1.91,1.86,2,1.93
SC3,12/03/16,Montrose,Queens Park,1,1,D,0,1,A,4.2,3.6,1.83,3.7,3.3,1.85,,,,3.8,3.6,1.85,4.09,3.69,1.94,4.2,3.6,1.83,4.2,3.6,1.87,35,4.2,3.81,3.69,3.46,1.94,1.83,22,1.8,1.75,2.09,1.98,18,0.25,2.35,2.25,1.67,1.63
SC3,15/03/16,Queens Park,Annan Athletic,1,3,A,0,3,A,1.75,3.6,4.75,1.75,3.5,4,1.7,3.45,4.3,1.8,3.5,4.33,1.83,3.72,4.64,1.75,3.6,4.75,1.8,3.7,4.6,46,1.83,1.74,3.72,3.54,4.79,4.3,32,2,1.89,1.91,1.85,22,-0.5,1.94,1.78,2.17,2.03
SC3,19/03/16,Annan Athletic,Berwick,1,0,H,0,0,D,2.2,4,2.8,2,3.8,2.9,2.1,3.5,2.85,2.25,3.6,3,2.34,3.64,3.05,2.25,3.6,3,2.2,3.7,3.1,40,2.34,2.15,4,3.61,3.1,2.86,28,1.69,1.63,2.3,2.16,17,-0.5,2.34,2.14,1.75,1.69
SC3,19/03/16,East Stirling,Clyde,2,4,A,1,2,A,6.5,4.5,1.44,5.5,4.33,1.44,6,4.05,1.45,6.5,4.2,1.48,7.36,4.56,1.48,6.5,4.2,1.5,7,4.4,1.45,40,7.36,6.28,4.56,4.25,1.5,1.44,28,1.77,1.71,2.3,2.03,19,1,2.1,2,1.89,1.79
SC3,19/03/16,Elgin,Montrose,1,1,D,1,0,H,1.57,4.2,5.25,1.57,4.1,4.4,1.55,3.95,4.55,1.6,4,5.25,1.59,4.4,5.78,1.62,4.2,5,1.57,4.4,5.4,40,1.62,1.56,4.4,4.08,5.78,4.88,27,1.58,1.53,2.42,2.35,17,-0.75,1.78,1.75,2.18,2.05
SC3,19/03/16,Queens Park,Arbroath,2,1,H,1,0,H,2.1,3.6,3.2,1.91,3.4,3.4,2,3.25,3.35,2.1,3.3,3.5,2.14,3.41,3.7,2.1,3.4,3.4,2.1,3.4,3.6,40,2.14,2.02,3.75,3.34,3.7,3.37,30,2.2,2.1,1.8,1.66,17,-0.5,2.14,2.05,1.83,1.75
SC3,19/03/16,Stirling,East Fife,0,6,A,0,2,A,3,4.2,2.05,2.9,3.6,2.05,3.05,3.5,2,3.3,3.5,2.1,3.43,3.66,2.14,3.25,3.5,2.1,3.3,3.6,2.15,40,3.43,3.07,4.2,3.58,2.25,2.05,30,1.83,1.75,2.05,1.99,20,0.25,2.03,1.94,2.06,1.85
SC3,22/03/16,Clyde,Annan Athletic,2,1,H,1,0,H,1.67,3.6,4.5,1.75,3.5,3.9,1.7,3.7,4,1.83,3.8,3.5,1.78,3.99,4.62,1.83,3.8,4,1.75,3.9,4.5,45,1.83,1.74,3.99,3.7,4.62,4.04,24,1.64,1.61,2.38,2.22,16,-0.5,1.83,1.74,2.17,2.11
SC3,26/03/16,Berwick,Elgin,2,0,H,1,0,H,2.63,3.75,2.25,2.6,3.7,2.2,2.65,3.65,2.2,3,3.8,2.05,,,,2.8,3.75,2.3,2.8,3.7,2.38,31,3,2.66,3.8,3.66,2.42,2.24,19,1.67,1.59,2.35,2.21,4,0,2.14,2.07,1.79,1.74
SC3,26/03/16,Clyde,Arbroath,1,2,A,1,0,H,1.57,4,4.75,1.55,4,4.6,1.55,3.95,4.65,1.53,4.25,5,,,,1.57,4,5.5,1.6,4.2,5.4,31,1.63,1.57,4.25,3.96,5.5,4.88,20,1.68,1.64,2.2,2.12,3,0,1.28,1.27,3.65,3.62
SC3,26/03/16,East Fife,Queens Park,1,1,D,1,1,D,1.8,3.8,3.4,1.8,3.75,3.5,1.8,3.7,3.5,1.75,3.8,3.8,,,,1.8,3.8,4,1.87,3.8,4,31,1.87,1.81,3.9,3.71,4,3.64,19,1.7,1.66,2.2,2.09,3,0,1.43,1.42,2.75,2.73
SC3,26/03/16,Montrose,Annan Athletic,0,5,A,0,2,A,2.25,3.75,2.63,2.2,3.7,2.6,2.2,3.65,2.65,2.25,3.9,2.6,,,,2.38,3.75,2.7,2.38,3.75,2.75,31,2.38,2.25,3.9,3.68,2.75,2.63,20,1.52,1.48,2.6,2.46,3,-1,3.5,3.4,1.3,1.29
SC3,26/03/16,Stirling,East Stirling,3,0,H,1,0,H,1.5,4.33,5,1.48,4.25,5,1.5,4.25,4.9,1.5,4.33,5.2,,,,1.57,4.33,5,1.53,4.5,5.75,30,1.57,1.5,4.5,4.26,5.75,5.15,19,1.57,1.54,2.4,2.32,3,0,1.23,1.22,4,3.97
SC3,02/04/16,Arbroath,East Fife,0,1,A,0,1,A,3.3,3.5,2.1,2.8,3.75,2.05,3.15,3.35,2.05,3.3,3.5,2.1,3.38,3.6,2.18,3.3,3.5,2.1,3.4,3.6,2.1,42,3.4,3.14,3.75,3.42,2.18,2.07,29,1.92,1.81,2,1.91,19,0.5,1.79,1.75,2.21,2.08
SC3,02/04/16,Clyde,Montrose,3,3,D,1,1,D,1.44,4.33,7,1.4,4.33,6,1.45,4.2,5.5,1.48,4.5,6,1.47,4.84,6.95,1.5,4.33,6,1.5,4.5,6.25,42,1.5,1.45,4.84,4.31,7,5.93,28,1.59,1.55,2.45,2.3,21,-1,1.84,1.78,2.15,2.04
SC3,02/04/16,East Stirling,Berwick,0,0,D,0,0,D,3.6,3.75,1.91,3.1,3.8,1.91,3.55,3.6,1.8,3.75,3.8,1.85,4.39,3.96,1.82,3.8,3.6,1.91,3.9,4,1.85,42,4.39,3.68,4,3.68,1.92,1.83,29,1.65,1.57,2.3,2.25,21,0.5,2.06,1.96,1.92,1.84
SC3,02/04/16,Elgin,Annan Athletic,2,2,D,0,0,D,2.1,3.75,3.1,2,3.75,2.95,1.95,3.55,3.15,2,3.6,3.4,2.04,3.75,3.64,2,3.6,3.5,2,3.8,3.5,42,2.1,1.98,3.8,3.57,3.64,3.27,28,1.57,1.55,2.49,2.3,19,-0.25,1.8,1.76,2.14,2.06
SC3,02/04/16,Queens Park,Stirling,1,1,D,1,0,H,1.8,3.6,4.33,1.7,3.75,3.9,1.75,3.35,4.15,1.8,3.5,4.5,1.81,3.67,4.83,1.8,3.5,4.5,1.8,3.6,4.6,42,1.85,1.78,4,3.49,4.83,4.15,29,2.21,2.04,1.79,1.73,21,-0.5,1.86,1.81,2.11,2.02
SC3,09/04/16,Annan Athletic,Arbroath,4,1,H,2,1,H,1.91,3.75,3.1,1.95,3.6,3.1,1.9,3.65,3.2,1.83,3.9,3.5,,,,2,3.6,3.6,1.93,3.9,3.6,35,2.05,1.93,3.9,3.63,4,3.35,21,1.66,1.61,2.3,2.2,10,-0.5,2.06,2.02,1.8,1.77
SC3,09/04/16,Berwick,Clyde,3,0,H,1,0,H,2.5,3.75,2.25,2.5,3.7,2.25,2.55,3.7,2.25,2.8,3.6,2.2,,,,2.75,3.6,2.4,2.8,3.6,2.4,35,2.8,2.64,4,3.61,2.4,2.27,20,1.76,1.69,2.15,2.06,10,0.25,1.97,1.86,2.05,1.94
SC3,09/04/16,East Fife,Montrose,3,0,H,3,0,H,1.4,4.5,5.5,1.4,4.5,5.75,1.4,4.5,6,1.44,4.6,5.75,,,,1.44,4.5,7,1.44,4.6,7,35,1.45,1.4,4.75,4.51,7,6.29,21,1.58,1.52,2.5,2.38,10,-1.25,1.95,1.9,1.94,1.89
SC3,09/04/16,East Stirling,Queens Park,0,3,A,0,3,A,4,3.75,1.67,4,3.9,1.67,4.1,3.8,1.65,4.3,4.1,1.62,,,,4.5,3.75,1.75,4.6,4.1,1.7,35,4.9,4.32,4.1,3.83,1.75,1.66,21,1.62,1.54,2.4,2.34,10,0.75,1.92,1.88,1.95,1.92
SC3,09/04/16,Stirling,Elgin,0,0,D,0,0,D,2.25,3.75,2.5,2.35,3.5,2.5,2.35,3.5,2.55,2.35,3.6,2.6,,,,2.4,3.6,2.75,2.45,3.6,2.7,35,2.45,2.35,3.75,3.54,2.75,2.58,20,1.73,1.66,2.2,2.11,10,0,1.93,1.87,1.98,1.92
SC3,16/04/16,Annan Athletic,East Stirling,1,3,A,0,1,A,1.29,5,8.5,1.28,5,8,1.25,4.95,8.5,1.3,5,8,,,,1.3,5.5,9,1.3,5.5,10,36,1.34,1.28,5.5,5.11,10,8.63,21,1.53,1.49,2.62,2.47,3,-2,2.4,2.35,1.55,1.54
SC3,16/04/16,Arbroath,Berwick,1,2,A,0,0,D,2,3.8,3.3,1.9,3.7,3.2,1.95,3.45,3.25,2.05,3.5,3.4,2.08,3.68,3.6,2,3.4,3.75,2.05,3.6,3.5,40,2.08,1.98,3.8,3.51,3.75,3.32,21,1.91,1.79,2.1,1.93,16,-0.25,1.81,1.77,2.1,2.01
SC3,16/04/16,Clyde,East Fife,0,0,D,0,0,D,2.38,3.6,2.55,2.3,3.4,2.65,2.4,3.3,2.55,2.6,3.25,2.7,2.68,3.42,2.74,2.4,3.5,2.75,2.55,3.5,2.7,38,2.68,2.44,3.6,3.39,2.9,2.6,21,1.9,1.79,2.2,1.94,19,0,1.92,1.85,2,1.93
SC3,16/04/16,Elgin,Queens Park,1,1,D,1,1,D,2.25,3.8,2.8,2.05,3.6,2.9,2.15,3.35,2.85,2.3,3.3,3,2.35,3.46,3.16,2.1,3.75,3.1,2.3,3.5,3,39,2.35,2.2,3.8,3.43,3.16,2.91,22,1.96,1.82,2.05,1.89,19,-0.25,2.04,1.97,1.86,1.82
SC3,16/04/16,Montrose,Stirling,1,1,D,0,0,D,3.25,3.75,2.05,2.85,3.5,2.1,3.1,3.5,2,3.25,3.6,2.05,3.46,3.9,2.06,3.2,3.75,2.1,3.3,3.75,2.1,39,3.46,3.15,3.9,3.62,2.1,2.01,21,1.62,1.58,2.39,2.26,17,0.25,2.1,2,1.84,1.79
SC3,23/04/16,Arbroath,Montrose,0,0,D,0,0,D,1.8,3.6,3.75,1.78,3.6,3.7,1.8,3.55,3.65,1.8,3.8,3.7,,,,1.83,3.75,4,1.87,3.7,3.9,36,1.87,1.8,3.8,3.62,4,3.77,21,1.71,1.67,2.15,2.1,5,-0.5,1.84,1.82,1.95,1.9
SC3,23/04/16,Berwick,East Fife,2,0,H,0,0,D,3.2,3.6,2,3.1,3.5,2,3.15,3.5,1.95,3.3,3.8,1.91,,,,3.5,3.6,2,3.4,3.75,2.05,36,3.5,3.25,3.8,3.54,2.08,1.99,20,1.73,1.67,2.25,2.08,5,0.5,1.77,1.74,2.04,2.01
SC3,23/04/16,East Stirling,Elgin,0,3,A,0,2,A,6.5,4.5,1.4,6.25,4.33,1.4,6.25,4.35,1.4,6.5,4.75,1.4,,,,7,4.8,1.4,8,4.8,1.4,36,8,6.61,4.8,4.51,1.45,1.39,21,1.61,1.57,2.38,2.28,3,1.25,1.8,1.79,1.98,1.92
SC3,23/04/16,Queens Park,Clyde,2,1,H,1,0,H,2.1,3.4,3.1,2.1,3.25,3.1,2.05,3.35,3.05,2.15,3.6,2.9,,,,2.2,3.4,3.2,2.15,3.6,3.25,36,2.2,2.1,3.6,3.4,3.25,3.08,20,1.7,1.62,2.3,2.17,5,-0.25,1.86,1.84,1.91,1.89
SC3,23/04/16,Stirling,Annan Athletic,2,1,H,1,0,H,2.75,3.5,2.25,2.7,3.4,2.25,2.7,3.4,2.25,2.75,3.7,2.2,,,,2.9,3.6,2.3,2.88,3.6,2.38,36,2.9,2.77,3.7,3.46,2.38,2.26,20,1.73,1.68,2.15,2.08,3,0,2.07,2.05,1.72,1.71
SC3,30/04/16,Annan Athletic,Queens Park,1,0,H,1,0,H,2.4,3.6,2.4,2.4,3.6,2.4,2.4,3.6,2.4,2.45,3.7,2.45,,,,2.4,3.4,2.8,2.6,3.6,2.6,35,2.6,2.44,3.7,3.49,2.8,2.49,20,1.76,1.71,2.1,2.02,5,0,1.86,1.84,1.9,1.88
SC3,30/04/16,Clyde,Stirling,3,1,H,2,0,H,1.73,3.75,3.75,1.72,3.7,3.9,1.65,3.65,4.2,1.7,3.9,4.2,,,,1.73,3.75,4.5,1.75,3.8,4.6,35,1.75,1.71,3.9,3.69,4.6,4.21,21,1.76,1.71,2.1,2.02,5,-0.75,1.93,1.9,1.83,1.83
SC3,30/04/16,East Fife,East Stirling,1,1,D,0,0,D,1.29,5.5,6.5,1.28,5.25,7,1.3,5.25,7,1.33,5,7.5,,,,1.36,5.5,7,1.3,5.5,9.5,35,1.36,1.3,5.66,5.26,9.5,7.51,21,1.5,1.49,2.6,2.46,3,-1.5,1.85,1.83,1.91,1.89
SC3,30/04/16,Elgin,Arbroath,4,1,H,2,0,H,1.57,4,4.33,1.57,4,4.4,1.55,3.95,4.55,1.57,4,5,,,,1.62,4,5,1.65,4,5.2,35,1.65,1.58,4.11,3.95,5.2,4.76,20,1.76,1.71,2.1,2.02,3,-0.5,1.6,1.58,2.28,2.19
SC3,30/04/16,Montrose,Berwick,1,0,H,1,0,H,2.5,3.75,2.25,2.55,3.7,2.25,2.55,3.65,2.25,2.6,3.8,2.25,,,,2.75,3.4,2.5,2.7,3.75,2.4,35,2.75,2.59,3.84,3.61,2.5,2.32,21,1.61,1.56,2.4,2.27,3,0,1.98,1.95,1.79,1.78
