Div,Date,HomeTeam,AwayTeam,FTHG,FTAG,FTR,HTHG,HTAG,HTR,Referee,HS,AS,HST,AST,HF,AF,HC,AC,HY,AY,HR,AR,B365H,B365D,B365A,BWH,BWD,BWA,IWH,IWD,IWA,LBH,LBD,LBA,PSH,PSD,PSA,WHH,WHD,WHA,VCH,VCD,VCA,Bb1X2,BbMxH,BbAvH,BbMxD,BbAvD,BbMxA,BbAvA,BbOU,BbMx>2.5,BbAv>2.5,BbMx<2.5,BbAv<2.5,BbAH,BbAHh,BbMxAHH,BbAvAHH,BbMxAHA,BbAvAHA,PSCH,PSCD,PSCA
E1,05/08/16,Fulham,Newcastle,1,0,H,1,0,H,S Hooper,5,8,3,2,12,11,2,2,1,3,0,0,4,3.6,2,3.6,3.3,2,3.3,3.2,2,4,3.5,2,3.93,3.63,2.04,3.75,3.4,2,3.9,3.6,2,57,4.02,3.74,3.65,3.46,2.06,1.99,46,1.95,1.86,2.01,1.91,32,0.25,2.21,2.14,1.76,1.72,4.39,3.42,2
E1,06/08/16,Birmingham,Cardiff,0,0,D,0,0,D,T Robinson,14,13,3,5,12,16,5,5,1,0,0,0,2.38,3.3,3.3,2.15,3.2,3.3,2.2,3.1,3,2.3,3.2,3.1,2.42,3.28,3.25,2.38,3.1,3.2,2.38,3.3,3.3,57,2.42,2.32,3.3,3.19,3.4,3.17,44,2.28,2.18,1.7,1.65,32,-0.25,2.06,1.98,1.94,1.84,2.53,3.26,3.14
E1,06/08/16,Blackburn,Norwich,1,4,A,0,3,A,T Harrington,5,12,2,7,9,16,7,3,1,2,0,0,3.4,3.25,2.38,2.95,3.1,2.4,2.8,3.1,2.3,3.25,3.2,2.25,3.34,3.35,2.34,3.1,3.1,2.4,3.4,3.3,2.3,57,3.4,3.23,3.35,3.17,2.57,2.3,40,2.3,2.23,1.68,1.62,32,0.25,1.95,1.88,2,1.94,3.64,3.33,2.25
E1,06/08/16,Bristol City,Wigan,2,1,H,0,1,A,J Adcock,24,11,6,3,7,13,10,2,1,4,0,0,2.25,3.3,3.6,2.25,3.1,3.2,2.2,3.1,3,2.2,3.25,3.4,2.25,3.39,3.49,2.3,3.2,3.2,2.25,3.3,3.5,57,2.3,2.21,3.4,3.25,3.6,3.32,45,2.24,2.13,1.73,1.68,33,-0.25,1.95,1.89,2,1.94,2.23,3.5,3.49
E1,06/08/16,Derby,Brighton,0,0,D,0,0,D,J Simpson,12,16,4,5,13,17,1,7,2,2,0,0,2.1,3.4,4,2,3.2,3.8,2,3.2,3.3,2.05,3.3,3.6,2.14,3.39,3.79,2.1,3.2,3.75,2.15,3.4,3.8,57,2.2,2.07,3.4,3.28,4,3.68,45,2.26,2.13,1.75,1.68,32,-0.25,1.83,1.76,2.13,2.07,2.28,3.31,3.57
E1,06/08/16,Huddersfield,Brentford,2,1,H,0,0,D,G Eltringham,16,8,7,4,13,9,5,2,1,1,0,0,2.2,3.6,3.4,2.1,3.4,3.25,2.2,3.1,3,2.1,3.4,3.3,2.17,3.56,3.53,2.2,3.3,3.3,2.15,3.6,3.5,57,2.35,2.14,3.6,3.41,3.53,3.32,46,1.9,1.8,2.06,1.96,33,-0.25,1.89,1.84,2.04,1.98,2.03,3.65,3.94
E1,06/08/16,Ipswich,Barnsley,4,2,H,0,0,D,K Stroud,9,14,7,5,17,11,5,4,2,3,0,0,2.1,3.4,4,2.1,3.1,3.5,2.1,3.1,3.2,2.05,3.3,3.6,2.12,3.45,3.79,2.1,3.2,3.75,2.1,3.4,3.8,57,2.15,2.08,3.45,3.28,4,3.65,45,2.16,2.06,1.81,1.72,33,-0.25,1.83,1.78,2.13,2.06,2.11,3.44,3.9
E1,06/08/16,Nott'm Forest,Burton,4,3,H,2,2,D,A Woolmer,14,16,4,3,13,8,8,6,2,2,0,0,2.05,3.4,4.1,1.95,3.2,3.9,2,3.2,3.3,1.95,3.25,4,2.02,3.41,4.22,2,3.2,4,2.05,3.4,4.1,57,2.05,1.99,3.41,3.31,4.22,3.93,40,2.31,2.17,1.72,1.64,32,-0.25,1.74,1.69,2.28,2.17,2,3.3,4.61
E1,06/08/16,Reading,Preston,1,0,H,1,0,H,A Davies,15,7,5,3,13,16,6,1,2,3,0,0,2.25,3.25,3.6,2.15,3,3.6,2.2,3.1,3,2.2,3.1,3.5,2.22,3.26,3.72,2.25,3,3.5,2.3,3.25,3.6,57,2.3,2.2,3.35,3.15,3.75,3.48,40,2.5,2.37,1.61,1.55,32,-0.25,1.94,1.87,2.02,1.96,2.37,3.13,3.59
E1,06/08/16,Rotherham,Wolves,2,2,D,2,1,H,S Duncan,6,9,3,5,11,8,3,6,2,1,0,1,3,3.25,2.6,2.9,3.1,2.45,2.7,3.1,2.4,2.9,3,2.5,3.01,3.18,2.64,2.9,3,2.62,3,3.25,2.6,57,3.01,2.87,3.25,3.12,2.65,2.55,42,2.3,2.19,1.72,1.64,32,0.25,1.75,1.7,2.23,2.17,2.94,3.19,2.73
E1,07/08/16,QPR,Leeds,3,0,H,1,0,H,O Langford,15,8,8,0,8,13,5,5,2,1,0,0,2.05,3.3,3.6,2.15,3.3,3.2,2.2,3.1,3,2.15,3.1,3.6,2.19,3.32,3.75,2.25,3.1,3.4,2.2,3.3,3.75,57,2.25,2.15,3.4,3.25,3.75,3.49,42,2.36,2.2,1.7,1.63,32,-0.25,1.88,1.83,2.06,2,2.37,3.3,3.37
E1,07/08/16,Sheffield Weds,Aston Villa,1,0,H,0,0,D,S Martin,17,12,6,2,14,9,12,9,3,3,0,0,2.05,3.3,3.6,2.15,3,3.5,2.1,3.1,3.2,2.05,3.2,3.75,2.13,3.34,3.9,2.1,3.2,3.75,2.2,3.3,3.8,56,2.2,2.09,3.4,3.25,3.9,3.64,39,2.37,2.25,1.65,1.6,32,-0.25,1.86,1.8,2.11,2.03,2.28,3.3,3.59
E1,12/08/16,Brighton,Nott'm Forest,3,0,H,1,0,H,A Madley,17,14,7,2,19,15,6,7,3,4,0,0,1.8,3.6,5.25,1.8,3.4,4.33,1.75,3.3,4.2,1.75,3.6,5.25,1.78,3.69,5.37,1.8,3.4,4.75,1.8,3.6,5.2,53,1.84,1.76,3.69,3.53,5.5,4.86,39,2.2,2.11,1.78,1.7,31,-1,2.55,2.39,1.63,1.58,1.75,3.75,5.48
E1,13/08/16,Aston Villa,Rotherham,3,0,H,2,0,H,K Stroud,16,9,7,1,17,13,4,6,4,2,0,0,1.75,3.75,5.25,1.7,3.6,4.75,1.7,3.4,4.3,1.73,3.6,5,1.76,3.77,5.21,1.8,3.3,5,1.75,3.75,5.25,54,1.8,1.73,3.8,3.58,5.27,4.94,39,2.14,2.04,1.82,1.75,33,-0.75,2.07,1.93,1.95,1.89,1.67,3.91,6.02
E1,13/08/16,Barnsley,Derby,2,0,H,1,0,H,T Harrington,9,16,4,4,17,12,8,8,3,4,0,0,3.9,3.4,2.1,3.7,3.25,2,3.3,3.2,2,3.6,3.4,2,3.91,3.51,2.06,3.5,3.25,2.15,3.8,3.5,2.1,53,3.91,3.6,3.51,3.34,2.2,2.07,40,2.12,2.05,1.83,1.74,31,0.5,1.85,1.78,2.12,2.05,3.82,3.63,2.07
E1,13/08/16,Brentford,Ipswich,2,0,H,0,0,D,S Martin,16,15,6,3,11,13,4,6,0,1,0,0,2.45,3.4,3.1,2.3,3.2,3,2.3,3.1,2.8,2.4,3.3,2.9,2.5,3.44,2.99,2.5,3.2,2.9,2.45,3.4,3,53,2.5,2.39,3.44,3.29,3.25,2.97,41,2,1.91,1.94,1.86,30,-0.25,2.15,2.05,1.94,1.79,2.61,3.35,2.95
E1,13/08/16,Burton,Bristol City,1,2,A,0,1,A,D Coote,17,12,5,4,10,17,7,8,1,1,0,0,3,3.4,2.5,2.7,3.1,2.6,2.5,3.1,2.6,2.9,3.1,2.5,2.99,3.26,2.6,2.75,3.2,2.6,3,3.4,2.55,54,3,2.85,3.4,3.15,2.75,2.55,41,2.21,2.09,1.78,1.71,32,0.25,1.78,1.71,2.28,2.14,3.31,3.3,2.41
E1,13/08/16,Leeds,Birmingham,1,2,A,1,1,D,P Tierney,11,11,3,3,15,14,7,4,1,5,0,0,2.3,3.3,3.5,2.25,3.1,3.2,2.2,3.1,3,2.25,3.1,3.3,2.29,3.28,3.52,2.3,3.2,3.2,2.3,3.3,3.4,54,2.34,2.25,3.3,3.18,3.52,3.32,34,2.36,2.27,1.64,1.59,32,-0.25,1.99,1.93,1.96,1.9,2.48,3.27,3.22
E1,13/08/16,Newcastle,Huddersfield,1,2,A,0,1,A,O Langford,13,8,4,3,6,10,4,1,1,2,0,0,1.7,3.75,5.75,1.65,3.7,5,1.65,3.5,4.5,1.67,3.6,5.25,1.69,3.92,5.61,1.7,3.5,5.5,1.65,3.9,5.4,54,1.72,1.67,3.92,3.69,5.79,5.21,40,1.95,1.86,1.98,1.9,32,-0.75,1.94,1.88,2.01,1.95,1.75,3.73,5.58
E1,13/08/16,Norwich,Sheffield Weds,0,0,D,0,0,D,A Woolmer,6,7,2,5,11,11,10,4,1,1,0,0,1.95,3.5,4.33,1.95,3.3,3.8,2,3.2,3.3,1.91,3.3,4,2,3.47,4.23,2,3.2,4,1.95,3.5,4.33,53,2.05,1.95,3.5,3.36,4.5,3.99,39,2.21,2.11,1.77,1.7,30,-0.5,2,1.93,1.97,1.9,1.93,3.52,4.6
E1,13/08/16,Preston,Fulham,1,2,A,0,1,A,J Adcock,15,16,3,5,10,11,6,8,0,2,0,0,2.25,3.3,3.6,2.15,3.2,3.3,2.1,3.1,3.25,2.15,3.25,3.4,2.2,3.44,3.56,2.3,3.2,3.2,2.25,3.4,3.5,52,2.3,2.19,3.44,3.26,3.6,3.39,36,2.23,2.1,1.79,1.7,30,-0.5,2.23,2.15,1.77,1.71,2.23,3.42,3.58
E1,13/08/16,Wigan,Blackburn,3,0,H,2,0,H,G Scott,20,7,4,2,16,9,5,4,2,3,0,0,2.15,3.4,3.75,2,3.3,3.6,2,3.2,3.3,2.1,3.3,3.5,2.17,3.42,3.68,2.15,3.2,3.5,2.15,3.4,3.6,54,2.17,2.09,3.42,3.32,3.79,3.56,41,2.2,2.11,1.76,1.7,32,-0.5,2.17,2.06,1.83,1.76,2.17,3.44,3.71
E1,13/08/16,Wolves,Reading,2,0,H,1,0,H,D Bond,14,9,7,1,7,10,5,5,2,2,0,0,2.45,3.25,3.2,2.35,3.1,3,2.3,3.1,2.8,2.3,3.1,3.3,2.34,3.27,3.43,2.4,3.1,3.1,2.4,3.25,3.3,52,2.45,2.32,3.3,3.16,3.5,3.21,35,2.3,2.21,1.7,1.63,30,-0.25,2.04,1.97,1.92,1.86,2.41,3.25,3.37
E1,14/08/16,Cardiff,QPR,0,2,A,0,0,D,J Linington,9,9,1,2,11,14,3,1,1,4,0,0,2.38,3.3,3.3,2.2,3.2,3.2,2.1,3.1,3.2,2.3,3,3.3,2.35,3.19,3.5,2.4,3.1,3.1,2.38,3.25,3.4,54,2.4,2.29,3.3,3.13,3.5,3.28,35,2.5,2.38,1.65,1.54,32,-0.25,2.01,1.95,1.95,1.88,2.52,3.22,3.18
E1,16/08/16,Aston Villa,Huddersfield,1,1,D,1,0,H,S Duncan,18,11,5,3,10,13,4,6,3,1,0,0,2,3.5,4.2,1.95,3.25,3.8,1.95,3.2,3.35,1.95,3.3,3.8,2.02,3.53,4.04,2,3.4,3.75,2.05,3.5,4,53,2.1,1.99,3.53,3.4,4.3,3.83,41,2.08,2,1.88,1.77,28,-0.25,1.76,1.71,2.22,2.14,2.31,3.24,3.58
E1,16/08/16,Brentford,Nott'm Forest,1,0,H,1,0,H,T Robinson,13,7,4,5,13,12,4,8,3,2,0,1,2.38,3.4,3.25,2.3,3.25,2.95,2.3,3.1,2.8,2.25,3.3,3.1,2.32,3.48,3.26,2.38,3.1,3.2,2.38,3.4,3.13,54,2.4,2.31,3.5,3.32,3.4,3.08,41,1.93,1.86,2,1.9,29,-0.25,2.03,1.98,1.91,1.85,2.48,3.34,3.15
E1,16/08/16,Brighton,Rotherham,3,0,H,2,0,H,S Hooper,16,10,4,2,14,13,4,4,1,4,0,0,1.45,4.5,8.5,1.5,3.9,6.25,1.5,3.8,5.5,1.44,4.2,7.5,1.46,4.57,8.31,1.44,4.33,7.5,1.45,4.5,7,54,1.52,1.45,4.57,4.29,8.5,7.32,42,1.91,1.84,2.01,1.92,32,-1,1.8,1.74,2.2,2.09,1.34,5.44,10.99
E1,16/08/16,Burton,Sheffield Weds,3,1,H,2,1,H,N Swarbrick,17,8,8,3,5,12,5,7,1,1,0,0,3.4,3.3,2.35,3.5,3.1,2.1,3.1,3.2,2.1,3.3,3.1,2.25,3.46,3.29,2.31,3.4,3.2,2.2,3.5,3.4,2.25,54,3.6,3.36,3.4,3.22,2.35,2.23,40,2.35,2.23,1.71,1.62,28,0.25,1.96,1.91,2,1.92,3.58,3.42,2.23
E1,16/08/16,Leeds,Fulham,1,1,D,0,0,D,C Kavanagh,15,21,4,3,9,4,9,4,1,1,0,0,2.8,3.4,2.7,2.55,3.2,2.7,2.4,3.1,2.7,2.6,3.3,2.62,2.67,3.44,2.79,2.7,3.1,2.7,2.75,3.4,2.7,55,2.8,2.63,3.44,3.26,2.8,2.69,42,1.98,1.91,1.94,1.84,29,-0.25,2.34,2.23,1.7,1.66,2.97,3.21,2.69
E1,16/08/16,Norwich,Bristol City,1,0,H,1,0,H,S Attwell,15,6,5,2,13,9,9,6,2,0,0,0,1.83,3.6,5,1.8,3.4,4.4,1.8,3.2,4,1.75,3.6,4.5,1.79,3.78,4.96,1.83,3.4,4.5,1.83,3.75,4.8,53,1.87,1.78,3.78,3.55,5.2,4.66,40,2,1.92,1.94,1.83,31,-1,2.55,2.42,1.61,1.55,1.79,3.76,5.12
E1,16/08/16,Preston,Derby,0,1,A,0,0,D,D Coote,9,16,1,3,15,7,5,5,1,0,0,0,3.3,3.4,2.35,3.2,3.1,2.25,3,3.1,2.2,3.2,3.2,2.3,3.3,3.33,2.37,3.2,3.2,2.3,3.3,3.4,2.38,53,3.34,3.19,3.4,3.24,2.4,2.29,39,2.28,2.17,1.74,1.66,29,0.25,1.9,1.86,2.03,1.96,3.32,3.44,2.33
E1,16/08/16,Wigan,Birmingham,1,1,D,0,1,A,J Simpson,20,6,6,3,15,10,10,2,3,3,0,0,2.2,3.4,3.6,2.1,3.1,3.5,2.2,3.1,3,2.1,3.3,3.5,2.18,3.41,3.66,2.25,3.3,3.2,2.15,3.4,3.7,54,2.3,2.15,3.41,3.28,3.75,3.45,41,2.25,2.11,1.75,1.69,29,-0.25,1.88,1.83,2.09,2.01,2.32,3.32,3.46
E1,16/08/16,Wolves,Ipswich,0,0,D,0,0,D,P Bankes,6,10,2,2,10,14,2,5,2,5,0,0,2.15,3.4,3.75,2.1,3.1,3.6,2.2,3.1,3,2.05,3.25,3.75,2.1,3.38,3.94,2.2,3.2,3.4,2.15,3.4,3.75,53,2.2,2.11,3.4,3.27,3.94,3.59,41,2.3,2.18,1.71,1.65,28,-0.5,2.12,2.07,1.82,1.76,2.02,3.45,4.23
E1,17/08/16,Barnsley,QPR,3,2,H,1,0,H,D Bond,12,12,5,3,8,13,4,1,1,1,0,1,2.75,3.4,2.75,2.6,3.1,2.65,2.5,3.1,2.6,2.7,3.1,2.7,2.83,3.19,2.79,2.7,3.1,2.7,2.75,3.4,2.7,54,2.83,2.68,3.4,3.18,2.85,2.68,40,2.23,2.09,1.76,1.7,28,0,1.98,1.92,1.96,1.9,2.7,3.38,2.82
E1,17/08/16,Cardiff,Blackburn,2,1,H,2,0,H,A Davies,13,11,3,3,7,7,4,4,1,1,0,1,2,3.4,4.33,1.83,3.3,4.25,1.85,3.2,3.8,1.95,3.3,4,1.99,3.51,4.22,2,3.2,4,2,3.5,4.3,55,2.01,1.95,3.51,3.35,4.39,4,42,2.2,2.1,1.75,1.69,30,-0.5,2,1.93,1.97,1.88,2.14,3.3,3.93
E1,17/08/16,Newcastle,Reading,4,1,H,1,1,D,A Madley,11,13,7,3,11,19,2,9,1,5,0,0,1.7,3.75,5.75,1.65,3.5,5.25,1.6,3.5,4.95,1.67,3.6,5.25,1.69,3.82,5.77,1.73,3.5,5,1.73,3.8,5.5,54,1.73,1.68,3.82,3.65,5.77,5.25,40,2.13,2.04,1.81,1.73,28,-0.75,1.95,1.89,1.99,1.94,1.6,4.14,6.56
E1,20/08/16,Birmingham,Wolves,1,3,A,1,0,H,K Stroud,14,19,7,7,7,15,10,12,1,1,1,0,2.6,3.3,3,2.55,3.1,2.75,2.4,3.1,2.7,2.5,3.1,2.9,2.53,3.28,3.07,2.6,3.2,2.75,2.5,3.3,2.9,55,2.6,2.51,3.3,3.19,3.15,2.88,40,2.3,2.19,1.71,1.64,30,-0.25,2.21,2.13,1.78,1.72,2.73,3.18,2.95
E1,20/08/16,Blackburn,Burton,2,2,D,1,1,D,P Bankes,12,14,6,3,11,8,6,12,2,1,0,0,2.35,3.3,3.4,2.2,3.2,3.2,2.2,3.1,3,2.3,3.1,3.2,2.36,3.29,3.36,2.3,3.2,3.2,2.3,3.3,3.2,54,2.38,2.29,3.35,3.25,3.4,3.17,41,2.17,2.09,1.81,1.7,29,-0.25,2.03,1.97,1.91,1.85,2.67,3.13,3.07
E1,20/08/16,Bristol City,Newcastle,0,1,A,0,1,A,T Harrington,17,8,2,1,13,19,6,3,3,0,0,0,3.3,3.4,2.35,3.3,3.3,2.1,3,3.1,2.2,3.1,3.25,2.3,3.27,3.32,2.39,3.5,3.3,2,3.1,3.4,2.3,55,3.5,3.14,3.4,3.28,2.4,2.29,42,2.03,1.92,1.92,1.83,30,0.25,1.9,1.83,2.06,1.99,3.08,3.32,2.54
E1,20/08/16,Derby,Aston Villa,0,0,D,0,0,D,P Tierney,11,9,2,4,12,17,5,7,3,3,0,0,2.15,3.4,3.75,2.05,3.25,3.5,2.1,3.1,3.2,2.1,3.25,3.6,2.14,3.39,3.8,2.2,3.2,3.4,2.1,3.4,3.6,55,2.25,2.13,3.5,3.29,3.8,3.49,41,2.23,2.07,1.78,1.71,31,-0.25,1.87,1.82,2.09,2,2.25,3.38,3.57
E1,20/08/16,Fulham,Cardiff,2,2,D,1,0,H,J Simpson,17,9,4,3,5,10,4,4,1,2,0,0,2.15,3.5,3.6,2.2,3.25,3.1,2.2,3.1,3,2.1,3.3,3.5,2.12,3.52,3.7,2.2,3.2,3.4,2.1,3.5,3.5,55,2.3,2.15,3.6,3.36,3.7,3.37,42,2.04,1.94,1.95,1.82,31,-0.25,1.9,1.85,2.09,1.98,2.02,3.57,4.05
E1,20/08/16,Huddersfield,Barnsley,2,1,H,1,0,H,C Kavanagh,15,9,6,3,13,10,7,4,4,2,0,0,1.95,3.6,4.2,1.83,3.4,4.2,1.8,3.2,4,1.91,3.5,4,1.96,3.63,4.16,2,3.3,3.8,1.9,3.6,4.1,55,2,1.89,3.65,3.51,4.6,4.1,42,1.98,1.9,1.94,1.86,30,-0.5,1.96,1.89,1.99,1.93,1.96,3.72,4.14
E1,20/08/16,Nott'm Forest,Wigan,4,3,H,1,1,D,J Linington,23,13,10,5,6,12,5,5,4,4,0,0,2.45,3.4,3.1,2.35,3.2,2.9,2.3,3.1,2.8,2.4,3.25,2.9,2.49,3.39,3.04,2.5,3.2,2.88,2.4,3.4,2.9,55,2.51,2.4,3.4,3.27,3.2,2.96,42,2.08,2.02,1.83,1.75,30,-0.25,2.11,2.05,1.83,1.79,2.46,3.38,3.15
E1,20/08/16,QPR,Preston,0,2,A,0,1,A,A Madley,10,10,3,2,8,11,10,5,1,2,0,0,2.1,3.3,4,2.05,3.1,3.75,2.1,3.1,3.2,2.05,3.2,3.8,2.09,3.34,4.04,2.15,3.2,3.5,2.05,3.3,3.9,54,2.15,2.06,3.4,3.24,4.13,3.77,37,2.42,2.28,1.66,1.58,30,-0.5,2.1,2.04,1.85,1.79,2.03,3.41,4.17
E1,20/08/16,Reading,Brighton,2,2,D,1,1,D,M Jones,16,7,4,2,13,16,9,5,2,2,1,0,3.6,3.4,2.2,3.25,3.1,2.2,3.2,3.1,2.1,3.4,3.25,2.2,3.54,3.35,2.25,3.3,3.2,2.25,3.4,3.3,2.2,55,3.6,3.4,3.4,3.24,2.25,2.19,39,2.29,2.17,1.71,1.64,30,0.25,2.02,1.94,1.94,1.88,3.14,3.17,2.59
E1,20/08/16,Rotherham,Brentford,1,0,H,1,0,H,J Adcock,6,19,2,5,11,6,6,11,1,1,0,0,2.9,3.4,2.55,2.6,3.25,2.6,2.6,3.1,2.5,2.8,3.2,2.5,2.89,3.35,2.63,2.88,3.2,2.5,2.75,3.4,2.55,55,2.91,2.79,3.4,3.23,2.7,2.55,42,2.07,1.98,1.88,1.79,30,0.25,1.74,1.69,2.26,2.17,2.97,3.38,2.58
E1,20/08/16,Sheffield Weds,Leeds,0,2,A,0,0,D,S Hooper,15,14,4,2,7,13,6,4,1,2,0,0,1.8,3.7,5,1.75,3.4,4.75,1.75,3.3,4.35,1.73,3.6,5,1.74,3.78,5.35,1.83,3.4,4.5,1.73,3.7,5,55,1.83,1.76,3.78,3.54,5.35,4.83,42,2.22,2.12,1.75,1.68,30,-0.75,2.07,1.99,1.92,1.84,1.73,3.77,5.65
E1,21/08/16,Ipswich,Norwich,1,1,D,1,1,D,D Coote,13,8,2,3,9,12,7,3,0,1,0,0,3.5,3.4,2.25,3.3,3.1,2.2,3.25,3.1,2.1,3.3,3.1,2.25,3.52,3.28,2.3,3.3,3.2,2.25,3.4,3.3,2.2,55,3.55,3.39,3.4,3.23,2.3,2.2,40,2.26,2.17,1.74,1.65,31,0.25,2,1.92,1.97,1.9,3.47,3.26,2.33
E1,26/08/16,Burton,Derby,1,0,H,1,0,H,A Davies,7,10,4,3,14,9,2,3,1,1,0,0,3.4,3.4,2.3,3.2,3.3,2.15,3.3,3.2,2,3.25,3.25,2.25,3.34,3.39,2.32,3.3,3.2,2.25,3.4,3.4,2.3,54,3.6,3.27,3.4,3.27,2.34,2.24,38,2.28,2.16,1.7,1.65,30,0.25,1.98,1.91,1.99,1.88,4.03,3.44,2.06
E1,27/08/16,Barnsley,Rotherham,4,0,H,0,0,D,G Scott,18,11,9,2,14,15,6,5,1,1,0,0,1.85,3.5,4.2,1.91,3.4,3.75,1.9,3.2,3.6,1.91,3.5,3.8,1.99,3.64,4.05,1.91,3.5,4,2,3.6,4.1,54,2,1.92,3.65,3.53,4.35,3.9,42,2,1.91,1.96,1.85,29,-0.5,1.99,1.92,1.97,1.9,2,3.67,4.03
E1,27/08/16,Birmingham,Norwich,3,0,H,1,0,H,D Bond,11,16,4,5,12,13,5,8,0,0,0,0,3.3,3.4,2.15,3.5,3.3,2.05,3.3,3.2,2,3.5,3.3,2.1,3.71,3.42,2.16,3.4,3.2,2.2,3.7,3.4,2.15,54,3.75,3.46,3.42,3.3,2.22,2.13,40,2.23,2.14,1.75,1.67,29,0.25,2.07,2,1.87,1.82,4.12,3.44,2.05
E1,27/08/16,Blackburn,Fulham,0,1,A,0,0,D,S Duncan,8,10,3,4,13,9,4,3,1,1,0,0,2.9,3.4,2.38,3.1,3.2,2.25,3,3.1,2.2,2.9,3.3,2.4,3.09,3.41,2.45,3.2,3.3,2.25,3,3.4,2.5,54,3.2,3.01,3.41,3.31,2.5,2.34,42,2.06,1.93,1.91,1.83,30,0.25,1.85,1.8,2.13,2.03,3.03,3.38,2.54
E1,27/08/16,Brentford,Sheffield Weds,1,1,D,0,0,D,P Bankes,11,19,4,10,14,11,5,3,2,0,1,1,2.8,3.25,2.5,2.8,3.1,2.5,2.7,3.1,2.4,2.8,3.2,2.5,2.96,3.34,2.58,2.88,3.2,2.5,2.9,3.4,2.6,54,2.96,2.82,3.4,3.23,2.65,2.52,41,2.11,2.01,1.85,1.75,28,0,2.09,2,1.89,1.82,2.78,3.2,2.87
E1,27/08/16,Bristol City,Aston Villa,3,1,H,0,1,A,J Linington,14,10,6,2,12,15,3,4,1,7,0,0,2.7,3.3,2.55,2.55,3.2,2.7,2.5,3.1,2.6,2.75,3.1,2.62,2.86,3.19,2.76,2.75,3.2,2.6,2.8,3.3,2.7,54,2.86,2.72,3.3,3.16,2.76,2.65,41,2.2,2.09,1.78,1.7,28,0,2.01,1.93,1.95,1.88,3.02,3.15,2.69
E1,27/08/16,Cardiff,Reading,0,1,A,0,0,D,A Woolmer,11,10,3,2,14,7,4,3,0,0,0,0,2.3,3.4,3,2.3,3.2,3,2.3,3.1,2.8,2.3,3.2,3.1,2.4,3.36,3.22,2.4,3.1,3.1,2.4,3.4,3.2,54,2.42,2.35,3.4,3.25,3.26,3.05,41,2.2,2.1,1.79,1.7,29,-0.25,2.06,2,1.88,1.83,2.69,3.21,2.97
E1,27/08/16,Huddersfield,Wolves,1,0,H,1,0,H,S Martin,9,14,3,4,9,11,2,5,3,2,0,0,2.2,3.3,3.3,2.05,3.4,3.3,2.1,3.1,3.2,2.3,3.25,3.1,2.39,3.4,3.2,2.3,3.3,3.1,2.38,3.4,3.25,54,2.39,2.27,3.4,3.29,3.5,3.16,41,2.13,2.04,1.83,1.74,29,-0.25,2.05,1.95,1.96,1.87,2.31,3.31,3.52
E1,27/08/16,Ipswich,Preston,1,0,H,1,0,H,T Robinson,8,6,3,2,7,10,3,4,1,1,0,0,1.95,3.2,4.2,1.95,3.2,3.9,2.1,3.1,3.2,1.95,3.2,4.2,2.02,3.32,4.36,2.05,3.25,3.8,2.05,3.4,4.2,53,2.15,2.01,3.4,3.27,4.36,3.9,37,2.35,2.26,1.68,1.6,29,-0.5,2.07,1.99,1.91,1.84,2.21,3.26,3.84
E1,27/08/16,Newcastle,Brighton,2,0,H,1,0,H,K Stroud,13,13,4,2,22,13,2,3,4,1,0,1,2.1,3.4,3.4,2.05,3.3,3.4,2.1,3.1,3.2,2.2,3.3,3.3,2.28,3.42,3.4,2.2,3.3,3.3,2.25,3.4,3.5,54,2.3,2.18,3.45,3.33,3.6,3.3,40,2.17,2.09,1.77,1.7,29,-0.25,1.96,1.89,2,1.94,2.25,3.38,3.58
E1,27/08/16,Nott'm Forest,Leeds,3,1,H,1,0,H,G Eltringham,10,13,6,3,6,16,4,6,0,2,0,0,2.25,3.3,3.3,2.1,3.3,3.3,2.1,3.1,3.2,2.2,3.3,3.3,2.26,3.45,3.41,2.05,3.4,3.6,2.25,3.4,3.4,54,2.26,2.18,3.45,3.33,3.6,3.32,41,2.11,2.01,1.86,1.75,29,-0.25,1.95,1.88,2.05,1.94,2.19,3.39,3.72
E1,27/08/16,Wigan,QPR,0,1,A,0,0,D,C Kavanagh,9,10,1,3,15,8,3,0,4,3,0,0,2.25,3.25,3.4,2.25,3.1,3.2,2.3,3.1,2.8,2.2,3.25,3.3,2.25,3.4,3.51,2.3,3.2,3.2,2.25,3.4,3.5,54,2.45,2.25,3.4,3.24,3.51,3.26,42,2.2,2.11,1.76,1.69,30,-0.25,1.98,1.91,1.99,1.91,2.35,3.25,3.49
E1,09/09/16,Reading,Ipswich,2,1,H,1,0,H,J Simpson,11,10,5,5,8,17,5,5,5,4,0,0,2.15,3.3,3.9,2.1,3.2,3.8,2.1,3.1,3.2,2.15,3.3,3.75,2.14,3.34,3.87,2.2,3.1,3.6,2.15,3.4,3.75,55,2.22,2.12,3.4,3.24,3.9,3.6,43,2.36,2.23,1.69,1.63,32,-0.25,1.86,1.79,2.13,2.04,2.07,3.37,4.16
E1,10/09/16,Brighton,Brentford,0,2,A,0,1,A,S Duncan,18,12,5,6,11,11,7,2,5,2,0,0,1.65,4,6,1.57,3.8,5.5,1.6,3.6,4.8,1.62,3.8,5.5,1.64,4.14,5.73,1.67,3.6,5.5,1.65,4.1,5.75,55,1.67,1.62,4.14,3.89,6.1,5.46,44,1.95,1.82,2.05,1.95,36,-1,2.14,2.05,1.83,1.78,1.59,4.17,6.61
E1,10/09/16,Derby,Newcastle,0,2,A,0,1,A,J Linington,10,11,2,3,8,13,2,5,0,3,0,0,2.88,3.2,2.75,2.6,3.1,2.7,2.6,3,2.6,2.8,3,2.62,2.91,3.14,2.75,2.9,3.2,2.5,2.8,3.3,2.75,54,2.91,2.76,3.3,3.14,2.85,2.64,41,2.33,2.21,1.7,1.63,30,0,2.02,1.95,1.93,1.87,2.86,3.23,2.77
E1,10/09/16,Fulham,Birmingham,0,1,A,0,0,D,T Harrington,10,25,1,8,12,22,3,9,1,3,1,0,1.91,3.75,4.33,1.87,3.4,4,1.9,3.2,3.6,1.85,3.5,4,1.94,3.63,4.26,1.95,3.3,4,1.93,3.75,4.2,55,1.96,1.89,3.75,3.58,4.33,3.99,44,1.93,1.86,1.98,1.89,31,-0.5,1.95,1.89,2.02,1.94,1.85,3.81,4.64
E1,10/09/16,Leeds,Huddersfield,0,1,A,0,0,D,R East,4,6,2,2,12,12,4,4,1,5,0,0,2.7,3.25,2.88,2.6,3.2,2.6,2.6,3,2.6,2.62,3.1,2.7,2.78,3.27,2.78,2.8,3.3,2.5,2.75,3.3,2.8,55,2.8,2.65,3.35,3.21,2.88,2.69,44,2.11,2.03,1.83,1.75,30,0,1.97,1.89,1.99,1.92,2.58,3.28,3.04
E1,10/09/16,Norwich,Cardiff,3,2,H,1,0,H,O Langford,9,14,3,4,7,11,7,5,2,2,0,0,1.62,4,6.5,1.53,3.8,6,1.55,3.7,5,1.62,3.8,5.75,1.63,4.08,6.09,1.62,3.6,6,1.65,4,6,55,1.65,1.6,4.1,3.88,6.5,5.71,44,1.95,1.85,2.01,1.91,36,-1,2.12,2.04,1.83,1.79,1.62,4.01,6.52
E1,10/09/16,Preston,Barnsley,1,2,A,0,1,A,G Eltringham,21,15,5,5,11,8,7,8,3,3,0,0,2.3,3.3,3.5,2.1,3.2,3.4,2.1,3.1,3.2,2.2,3.25,3.3,2.26,3.4,3.47,2.3,3.2,3.3,2.25,3.4,3.5,54,2.35,2.2,3.4,3.29,3.5,3.31,42,2.17,2.09,1.81,1.71,30,-0.5,2.26,2.17,1.75,1.7,2.3,3.38,3.44
E1,10/09/16,QPR,Blackburn,1,1,D,0,0,D,K Stroud,16,13,6,5,15,15,7,8,2,3,0,0,1.8,3.5,5.5,1.67,3.5,5,1.7,3.4,4.3,1.75,3.4,4.75,1.82,3.58,5.1,1.83,3.4,4.5,1.83,3.6,5,55,1.83,1.77,3.65,3.5,5.5,4.81,43,2.18,2.08,1.77,1.71,31,-0.75,2.07,2,1.88,1.83,2,3.24,4.72
E1,10/09/16,Rotherham,Bristol City,2,2,D,1,0,H,A Madley,10,35,3,10,7,10,5,11,2,1,0,0,3.5,3.4,2.25,3.1,3.3,2.2,3,3.1,2.2,3.25,3.3,2.2,3.43,3.41,2.27,3.2,3.2,2.3,3.4,3.4,2.25,55,3.5,3.26,3.41,3.32,2.3,2.21,44,2.02,1.92,1.94,1.84,31,0.25,1.98,1.92,1.96,1.91,3.31,3.41,2.35
E1,10/09/16,Sheffield Weds,Wigan,2,1,H,1,1,D,D Coote,18,9,3,3,11,10,6,5,1,3,0,0,1.91,3.5,4.6,1.78,3.4,4.4,1.85,3.2,3.8,1.85,3.5,4.2,1.93,3.64,4.31,1.85,3.2,4.5,1.9,3.7,4.4,55,1.93,1.85,3.7,3.48,4.85,4.29,43,2.15,2.05,1.83,1.74,31,-0.5,1.92,1.85,2.06,1.98,1.94,3.65,4.31
E1,10/09/16,Wolves,Burton,1,1,D,0,0,D,J Adcock,13,18,3,8,11,12,5,5,3,3,0,0,1.85,3.6,4.75,1.75,3.5,4.5,1.75,3.3,4.2,1.85,3.4,4.5,1.88,3.61,4.75,1.85,3.4,4.5,1.9,3.6,4.6,55,1.9,1.83,3.65,3.46,4.81,4.45,41,2.27,2.18,1.71,1.65,31,-0.5,1.9,1.84,2.05,1.99,1.88,3.77,4.42
E1,11/09/16,Aston Villa,Nott'm Forest,2,2,D,0,0,D,S Hooper,26,3,8,2,9,15,10,2,3,5,0,1,1.75,3.75,5.25,1.75,3.5,4.5,1.75,3.3,4.2,1.75,3.6,4.75,1.78,3.76,5.11,1.73,3.5,5,1.8,3.75,5,54,1.83,1.75,3.76,3.62,5.25,4.73,42,2.03,1.95,1.92,1.82,31,-0.75,2.03,1.97,1.92,1.86,1.83,3.71,4.81
E1,13/09/16,Brighton,Huddersfield,1,0,H,0,0,D,A Woolmer,15,8,3,3,8,7,5,3,1,1,0,0,1.91,3.5,4.75,1.83,3.4,4.2,1.9,3.2,3.6,1.85,3.4,4.33,1.89,3.57,4.64,1.83,3.4,4.5,1.95,3.5,4.4,56,1.95,1.87,3.6,3.42,4.75,4.29,45,2.12,2.04,1.82,1.74,31,-0.75,2.2,2.13,1.77,1.72,1.96,3.4,4.65
E1,13/09/16,Derby,Ipswich,0,1,A,0,0,D,S Attwell,24,5,5,2,7,17,4,0,0,4,0,0,1.91,3.6,4.5,1.8,3.4,4.4,1.85,3.2,3.8,1.85,3.3,4.5,1.88,3.62,4.61,1.83,3.4,4.5,1.9,3.6,4.6,56,1.93,1.86,3.62,3.42,4.75,4.37,44,2.36,2.25,1.66,1.61,31,-0.5,1.92,1.86,2.04,1.96,2.01,3.47,4.27
E1,13/09/16,Fulham,Burton,1,1,D,0,0,D,T Robinson,20,7,6,3,11,12,9,3,2,4,0,0,1.91,3.8,4.2,1.83,3.5,4,1.85,3.2,3.8,1.85,3.6,4,1.93,3.72,4.21,1.83,3.2,4.33,1.93,3.8,4.1,56,1.95,1.88,3.8,3.55,4.5,4.02,45,1.83,1.78,2.11,2,31,-0.5,1.95,1.9,1.99,1.93,1.93,3.71,4.33
E1,13/09/16,Leeds,Blackburn,2,1,H,0,0,D,D Adcock,12,14,5,3,9,12,7,8,3,3,0,0,2.1,3.4,3.9,2,3.4,3.5,2.1,3.1,3.2,2,3.3,3.8,2.06,3.48,3.95,2.1,3.3,3.5,2.05,3.5,3.9,56,2.15,2.04,3.5,3.34,3.95,3.7,45,2.19,2.09,1.77,1.7,31,-0.5,2.09,2.02,1.87,1.81,2.13,3.45,3.84
E1,13/09/16,Norwich,Wigan,2,1,H,2,0,H,K Stroud,16,14,5,5,13,11,4,8,2,3,0,0,1.62,4.2,6,1.57,4,5.25,1.6,3.6,4.8,1.6,3.8,5.75,1.6,4.21,6.09,1.62,3.75,5.5,1.62,4.2,6,56,1.65,1.6,4.21,3.88,6.25,5.63,45,1.95,1.84,2,1.92,36,-1,2.13,2.04,1.85,1.79,1.66,4.19,5.63
E1,13/09/16,Preston,Cardiff,3,0,H,2,0,H,S Martin,21,14,7,6,10,15,6,8,1,4,0,0,2.5,3.1,3.3,2.35,3.1,3,2.3,3.1,2.8,2.4,3,3.1,2.49,3.18,3.24,2.4,3.2,3,2.5,3.13,3.25,55,2.52,2.4,3.31,3.12,3.3,3.11,38,2.5,2.38,1.6,1.54,31,-0.25,2.12,2.03,1.84,1.8,2.53,3.22,3.18
E1,13/09/16,QPR,Newcastle,0,6,A,0,2,A,A Davies,7,29,3,12,6,15,4,8,0,0,0,0,3.6,3.3,2.25,3.5,3.25,2.05,3.2,3.1,2.1,3.4,3.1,2.2,3.58,3.3,2.26,3.6,3.25,2.1,3.6,3.3,2.25,56,3.68,3.43,3.35,3.2,2.27,2.19,45,2.4,2.27,1.65,1.6,32,0.25,2,1.94,1.95,1.89,3.76,3.28,2.23
E1,13/09/16,Reading,Birmingham,0,0,D,0,0,D,C Kavanagh,12,14,3,5,9,9,12,6,0,0,0,0,2.15,3.3,3.9,2,3.3,3.6,2.05,3.2,3.2,2.1,3.25,3.6,2.15,3.4,3.76,2.1,3.2,3.6,2.2,3.4,3.6,56,2.2,2.12,3.4,3.27,3.9,3.54,44,2.25,2.14,1.72,1.67,32,-0.25,1.88,1.82,2.08,2.02,2.13,3.45,3.84
E1,13/09/16,Sheffield Weds,Bristol City,3,2,H,0,2,A,D Bond,17,10,6,4,14,7,7,4,1,1,1,1,1.95,3.6,4.2,1.91,3.4,3.8,1.95,3.2,3.4,1.91,3.5,4,1.95,3.68,4.14,1.91,3.5,4,1.95,3.6,3.9,56,2.05,1.93,3.68,3.5,4.2,3.92,45,2,1.9,1.95,1.85,31,-0.25,1.7,1.66,2.31,2.23,2.02,3.62,4.02
E1,13/09/16,Wolves,Barnsley,0,4,A,0,0,D,A Madley,17,26,5,10,15,13,5,2,0,3,0,0,1.95,3.6,4.2,1.95,3.4,3.6,1.95,3.2,3.4,1.85,3.5,4,1.93,3.69,4.28,1.91,3.5,4,1.95,3.6,4.2,56,2,1.9,3.69,3.52,4.3,4,46,1.91,1.83,2.05,1.93,31,-0.25,1.68,1.63,2.4,2.29,2.03,3.58,4.02
E1,14/09/16,Aston Villa,Brentford,1,1,D,1,0,H,J Simpson,9,13,3,5,13,13,5,7,2,2,0,0,1.75,4,4.8,1.75,3.6,4.25,1.7,3.4,4.3,1.75,3.75,4.5,1.78,3.92,4.82,1.73,3.8,4.5,1.75,4,4.8,55,1.8,1.73,4,3.74,4.91,4.62,43,1.84,1.76,2.12,2.01,31,-0.75,2.02,1.93,1.95,1.9,1.71,4.05,5.27
E1,14/09/16,Rotherham,Nott'm Forest,2,2,D,1,0,H,P Bankes,13,23,4,7,9,10,4,8,2,3,1,0,2.9,3.5,2.55,2.7,3.3,2.45,2.8,3.1,2.3,2.88,3.3,2.4,2.96,3.52,2.48,2.8,3.4,2.45,2.9,3.5,2.5,55,2.96,2.83,3.52,3.36,2.55,2.44,44,1.88,1.81,2.06,1.95,30,0.25,1.81,1.75,2.2,2.09,2.94,3.43,2.58
E1,17/09/16,Barnsley,Reading,1,2,A,0,2,A,D Coote,22,11,6,5,9,15,10,4,3,4,0,1,2.38,3.3,3.3,2.25,3.2,3.1,2.15,3.15,3,2.2,3.3,3.25,2.27,3.46,3.38,2.4,3.1,3.1,2.3,3.4,3.3,55,2.4,2.25,3.46,3.32,3.38,3.17,44,2.03,1.92,1.95,1.84,31,-0.25,2,1.93,1.97,1.9,2.61,3.42,2.9
E1,17/09/16,Birmingham,Sheffield Weds,2,1,H,0,0,D,S Duncan,10,11,5,2,9,18,4,2,1,3,0,0,2.88,3.25,2.7,2.7,3.25,2.5,2.6,3.1,2.5,2.8,3.1,2.6,2.9,3.28,2.66,2.7,3.1,2.7,2.88,3.25,2.7,54,2.9,2.78,3.3,3.19,2.75,2.58,40,2.25,2.13,1.75,1.67,30,0.25,1.75,1.69,2.27,2.18,3.03,3.27,2.6
E1,17/09/16,Blackburn,Rotherham,4,2,H,2,1,H,D Bond,20,9,8,6,7,12,6,4,1,4,0,0,2.1,3.5,3.75,2.1,3.4,3.25,2,3.2,3.35,2.05,3.3,3.6,2.12,3.47,3.77,2.2,3.1,3.5,2.1,3.6,3.7,55,2.2,2.07,3.6,3.37,3.85,3.54,44,2.09,2,1.87,1.77,31,-0.5,2.14,2.06,1.84,1.77,2.09,3.51,3.9
E1,17/09/16,Brentford,Preston,5,0,H,1,0,H,K Stroud,10,12,6,4,8,10,5,6,0,2,0,0,2.25,3.3,3.6,2,3.3,3.6,2.05,3.15,3.25,2.15,3.25,3.4,2.24,3.39,3.52,2.25,3.1,3.4,2.25,3.4,3.5,55,2.26,2.18,3.4,3.28,3.6,3.37,44,2.15,2.05,1.81,1.73,31,-0.25,1.92,1.87,2.02,1.96,2.27,3.4,3.5
E1,17/09/16,Bristol City,Derby,1,1,D,0,1,A,A Woolmer,17,11,2,4,13,13,3,5,0,2,0,0,2.5,3.3,3.1,2.6,3.2,2.6,2.5,3.1,2.6,2.4,3.2,2.9,2.52,3.31,3.06,2.7,3.1,2.7,2.6,3.3,2.9,55,2.7,2.48,3.33,3.23,3.1,2.87,44,2.18,2.05,1.83,1.74,29,-0.25,2.21,2.11,1.8,1.74,2.75,3.32,2.82
E1,17/09/16,Burton,Brighton,0,1,A,0,0,D,G Eltringham,9,19,3,7,4,13,1,8,1,2,0,0,4,3.4,2.1,3.4,3.3,2.05,3.2,3.1,2.1,3.6,3.3,2.05,4.06,3.38,2.07,3.75,3.1,2.1,3.9,3.4,2.1,55,4.06,3.65,3.4,3.29,2.16,2.07,39,2.3,2.17,1.72,1.64,31,0.5,1.85,1.79,2.12,2.05,4.47,3.5,1.96
E1,17/09/16,Cardiff,Leeds,0,2,A,0,0,D,G Scott,11,13,2,7,10,14,12,4,0,3,0,0,2.25,3.3,3.6,2.05,3.25,3.5,2.1,3.1,3.2,2.1,3.2,3.6,2.16,3.34,3.8,2.25,3.1,3.4,2.2,3.4,3.6,55,2.25,2.17,3.4,3.24,3.8,3.44,40,2.3,2.18,1.72,1.64,30,-0.25,1.9,1.84,2.07,1.99,2.42,3.39,3.21
E1,17/09/16,Huddersfield,QPR,2,1,H,1,0,H,S Hooper,9,5,2,2,9,20,4,3,2,4,0,0,2.05,3.4,4.2,2,3.2,3.75,2,3.2,3.3,1.95,3.3,4,2,3.46,4.22,2.1,3.1,3.75,2,3.5,4.2,54,2.1,2,3.5,3.32,4.22,3.85,40,2.24,2.13,1.75,1.67,31,-0.5,2.04,1.98,1.92,1.85,2.02,3.46,4.24
E1,17/09/16,Ipswich,Aston Villa,0,0,D,0,0,D,T Harrington,17,14,4,0,11,13,10,7,1,1,0,0,2.88,3.25,2.7,2.6,3.2,2.6,2.65,3,2.45,2.8,3.1,2.6,2.91,3.26,2.67,2.8,3.1,2.62,2.88,3.25,2.7,54,2.91,2.77,3.3,3.16,2.75,2.59,39,2.3,2.19,1.71,1.64,29,0,2.04,1.97,1.91,1.85,3.31,3.16,2.49
E1,17/09/16,Newcastle,Wolves,0,2,A,0,1,A,T Robinson,17,12,3,5,12,16,5,3,3,5,1,0,1.6,4,6.5,1.57,3.6,6,1.55,3.7,5,1.55,3.8,6.5,1.56,4.15,6.95,1.62,3.4,6.5,1.57,4.1,6.5,55,1.62,1.56,4.15,3.88,6.95,6.18,44,2.05,1.97,1.89,1.8,35,-1,2.03,1.95,1.95,1.86,1.54,4.41,6.91
E1,17/09/16,Nott'm Forest,Norwich,1,2,A,1,0,H,C Kavanagh,11,18,2,8,10,14,5,9,2,1,0,0,3.4,3.5,2.25,3.2,3.2,2.2,3.15,3.15,2.1,3.4,3.3,2.1,3.62,3.5,2.16,3.4,3.1,2.25,3.5,3.5,2.2,55,3.62,3.34,3.5,3.34,2.25,2.16,44,1.98,1.9,1.94,1.86,31,0.25,2.06,1.97,1.92,1.86,3.4,3.6,2.23
E1,17/09/16,Wigan,Fulham,0,0,D,0,0,D,S Martin,13,5,2,1,16,11,10,5,1,1,0,0,2.7,3.3,2.88,2.5,3.1,2.8,2.4,3.1,2.7,2.5,3.2,2.8,2.6,3.28,2.97,2.62,3.1,2.8,2.63,3.4,2.8,54,2.7,2.53,3.4,3.25,2.97,2.79,43,2,1.92,1.92,1.84,29,0,1.88,1.82,2.09,2,2.67,3.35,2.88
E1,23/09/16,Preston,Wigan,1,0,H,1,0,H,O Langford,13,18,3,4,20,10,5,1,2,2,0,0,2.5,3.3,3.1,2.5,3.25,2.95,2.3,3.1,2.8,2.5,3.25,3,2.59,3.33,3.01,2.5,3.25,3,2.55,3.3,3,54,2.59,2.48,3.35,3.23,3.1,2.91,40,2.17,2.06,1.82,1.73,28,0,1.83,1.77,2.13,2.06,2.46,3.34,3.18
E1,24/09/16,Aston Villa,Newcastle,1,1,D,0,1,A,C Kavanagh,10,18,3,4,15,12,8,5,3,1,0,0,3.1,3.3,2.5,2.8,3.1,2.5,2.6,3.1,2.5,3,3.1,2.4,3.09,3.27,2.52,2.88,3.2,2.6,3,3.3,2.55,53,3.13,2.95,3.3,3.18,2.61,2.47,39,2.3,2.16,1.76,1.66,31,0.25,1.81,1.76,2.17,2.09,2.97,3.23,2.67
E1,24/09/16,Brighton,Barnsley,2,0,H,1,0,H,T Robinson,15,10,4,1,15,12,4,2,3,2,0,0,1.67,4,5.75,1.62,3.75,5,1.6,3.6,4.8,1.67,3.8,5,1.69,4.04,5.33,1.67,3.8,5.5,1.7,4,5.4,54,1.73,1.66,4.04,3.83,5.75,5.15,41,1.85,1.78,2.15,1.99,34,-1,2.23,2.14,1.76,1.71,1.6,4.32,6.07
E1,24/09/16,Derby,Blackburn,1,2,A,0,0,D,A Madley,16,8,5,2,10,11,5,4,1,2,0,0,1.65,4,6,1.6,3.75,5.25,1.6,3.6,4.8,1.62,3.75,5.75,1.66,3.88,6.07,1.67,3.6,6,1.65,4,6,54,1.68,1.61,4,3.76,6.2,5.77,41,2.14,2.04,1.84,1.74,35,-1,2.19,2.08,1.82,1.76,1.69,4.15,5.32
E1,24/09/16,Fulham,Bristol City,0,4,A,0,1,A,P Bankes,22,20,2,10,13,10,7,5,2,2,1,0,2.25,3.4,3.5,2.1,3.3,3.3,2.1,3.1,3.2,2.2,3.25,3.3,2.3,3.38,3.41,2.25,3.2,3.5,2.3,3.4,3.3,54,2.3,2.2,3.45,3.32,3.6,3.28,41,1.9,1.83,2.02,1.93,31,-0.25,1.97,1.91,1.97,1.93,2.27,3.44,3.48
E1,24/09/16,Leeds,Ipswich,1,0,H,1,0,H,S Martin,16,7,4,1,15,11,7,4,0,2,0,0,2.5,3.2,3.2,2.35,3.2,2.95,2.3,3.1,2.8,2.38,3.1,3.1,2.46,3.23,3.23,2.4,3.2,3.2,2.45,3.25,3.25,54,2.5,2.39,3.25,3.15,3.25,3.09,35,2.36,2.24,1.67,1.6,30,-0.25,2.09,2.03,1.87,1.81,2.41,3.28,3.33
E1,24/09/16,Norwich,Burton,3,1,H,1,0,H,J Simpson,18,9,6,3,14,12,8,6,2,2,0,1,1.5,4.5,7.5,1.5,4,6,1.5,3.8,5.5,1.44,4.2,7.5,1.48,4.51,7.94,1.5,4.33,7,1.45,4.5,8,55,1.52,1.46,4.53,4.24,8.07,7.17,42,1.9,1.83,2.02,1.93,36,-1,1.81,1.76,2.17,2.08,1.54,4.65,6.4
E1,24/09/16,QPR,Birmingham,1,1,D,1,1,D,P Tierney,13,9,5,2,14,8,6,4,2,1,0,0,2.55,3.3,3,2.35,3.2,2.95,2.3,3.1,2.8,2.5,3.1,2.9,2.57,3.25,3.04,2.5,3.2,3,2.55,3.3,3,54,2.6,2.47,3.3,3.17,3.05,2.94,36,2.3,2.2,1.72,1.63,31,-0.25,2.2,2.11,1.78,1.74,2.54,3.31,3.08
E1,24/09/16,Reading,Huddersfield,1,0,H,1,0,H,J Linington,17,7,3,1,13,13,5,3,2,4,0,1,2.55,3.3,3,2.45,3.3,2.7,2.3,3.1,2.8,2.4,3.1,2.9,2.54,3.29,3.06,2.5,3.2,3,2.55,3.3,3,54,2.6,2.46,3.3,3.2,3.15,2.93,38,2.26,2.15,1.73,1.66,31,-0.25,2.2,2.11,1.79,1.74,2.56,3.33,3.04
E1,24/09/16,Rotherham,Cardiff,1,2,A,0,0,D,D Coote,16,18,5,2,7,11,11,7,1,2,0,0,3.2,3.25,2.45,2.95,3.2,2.35,2.6,3,2.6,2.9,3.25,2.4,3.08,3.36,2.48,3,3.2,2.5,3,3.3,2.5,53,3.2,2.98,3.36,3.25,2.6,2.41,41,2.11,2.04,1.82,1.75,30,0.25,1.83,1.78,2.14,2.07,3,3.39,2.55
E1,24/09/16,Sheffield Weds,Nott'm Forest,2,1,H,0,1,A,K Friend,15,10,6,5,6,11,7,6,1,3,0,0,1.65,4.1,5.75,1.57,3.9,5.5,1.65,3.5,4.5,1.62,3.8,5.25,1.67,4.12,5.48,1.67,3.6,6,1.65,4.1,5.75,54,1.67,1.62,4.2,3.92,6.25,5.38,41,1.83,1.77,2.09,2,34,-1,2.15,2.07,1.84,1.77,1.87,3.85,4.45
E1,24/09/16,Wolves,Brentford,3,1,H,0,0,D,A Davies,13,11,5,3,15,13,4,6,1,4,0,0,2.3,3.5,3.3,2.1,3.4,3.2,2.2,3.1,3,2.2,3.4,3.2,2.26,3.56,3.31,2.25,3.2,3.5,2.25,3.5,3.3,53,2.3,2.2,3.56,3.39,3.5,3.23,40,1.92,1.83,2.03,1.93,31,-0.25,1.96,1.9,1.99,1.93,2.34,3.56,3.21
E1,27/09/16,Barnsley,Aston Villa,1,1,D,0,0,D,J Adcock,13,12,2,7,14,15,9,5,4,3,0,0,3.25,3.4,2.35,2.9,3.2,2.35,2.95,3.15,2.2,3.1,3.3,2.25,3.29,3.48,2.31,3.2,3.4,2.3,3.25,3.4,2.3,55,3.3,3.11,3.5,3.33,2.43,2.3,43,1.98,1.89,1.95,1.87,32,0.25,1.96,1.88,2,1.95,3.55,3.61,2.17
E1,27/09/16,Birmingham,Preston,2,2,D,1,2,A,A Woolmer,15,13,4,5,10,17,8,3,1,1,0,0,2.25,3.3,3.6,2.1,3.2,3.4,2.1,3.05,3.25,2.15,3.3,3.3,2.23,3.43,3.51,2.2,3.2,3.6,2.25,3.4,3.5,54,2.26,2.19,3.43,3.27,3.75,3.4,40,2.2,2.12,1.8,1.68,31,-0.25,1.94,1.88,2.02,1.95,2.21,3.41,3.65
E1,27/09/16,Blackburn,Sheffield Weds,0,1,A,0,1,A,S Hooper,4,9,2,3,10,8,2,2,0,0,0,0,3.25,3.4,2.35,3.3,3.2,2.15,2.95,3.2,2.15,3.1,3.4,2.25,3.26,3.53,2.3,3.2,3.4,2.3,3.2,3.5,2.3,55,3.4,3.13,3.55,3.4,2.35,2.26,43,1.92,1.85,2.01,1.92,32,0.25,1.95,1.88,2.01,1.95,3.25,3.47,2.36
E1,27/09/16,Brentford,Reading,4,1,H,2,0,H,O Langford,16,16,9,4,6,13,8,7,4,2,0,0,2.4,3.4,3.2,2.3,3.2,3,2.25,3.1,2.9,2.38,3.1,3.1,2.42,3.3,3.25,2.4,3.2,3.2,2.45,3.4,3.1,55,2.45,2.35,3.42,3.27,3.3,3.08,43,2.06,1.96,1.9,1.81,30,-0.25,2.07,2,1.86,1.82,2.32,3.37,3.42
E1,27/09/16,Bristol City,Leeds,1,0,H,0,0,D,K Stroud,12,12,3,3,13,10,2,6,2,4,0,0,2.1,3.5,3.75,2.05,3.2,3.6,2,3.2,3.35,2,3.3,3.75,2.05,3.52,3.95,2.1,3.6,3.5,2.05,3.5,3.6,55,2.14,2.06,3.6,3.41,3.95,3.59,43,1.93,1.86,2,1.9,31,-0.5,2.12,2.05,1.86,1.78,2.06,3.65,3.83
E1,27/09/16,Burton,QPR,1,1,D,0,0,D,S Duncan,9,10,4,4,7,17,2,9,2,2,0,0,2.75,3.3,2.8,2.45,3.3,2.7,2.5,3,2.65,2.62,3.1,2.75,2.71,3.26,2.87,2.7,3.2,2.8,2.75,3.3,2.8,55,2.75,2.63,3.3,3.2,2.9,2.75,41,2.25,2.1,1.83,1.7,30,0,1.96,1.88,2,1.94,2.66,3.16,3.05
E1,27/09/16,Cardiff,Derby,0,2,A,0,0,D,G Eltringham,9,14,3,7,13,11,3,4,1,2,1,0,2.9,3.3,2.63,2.85,3.2,2.4,2.7,3,2.45,2.75,3.1,2.62,2.84,3.29,2.71,2.88,3.2,2.62,2.88,3.3,2.7,55,2.93,2.79,3.3,3.18,2.71,2.59,42,2.29,2.18,1.72,1.65,31,0.25,1.73,1.68,2.32,2.19,3.26,3.38,2.4
E1,27/09/16,Huddersfield,Rotherham,2,1,H,2,1,H,S Attwell,16,7,4,1,14,12,9,3,3,1,0,0,1.57,4.2,6.5,1.57,4,5.25,1.55,3.8,5.25,1.57,3.8,6,1.59,4.18,6.42,1.6,4,6,1.6,4.2,6.25,55,1.62,1.58,4.31,4.02,6.5,5.77,42,1.84,1.75,2.14,2.03,36,-1,2.07,1.98,1.9,1.84,1.66,3.96,6.05
E1,27/09/16,Ipswich,Brighton,0,0,D,0,0,D,A Davies,10,5,2,0,11,16,2,5,4,2,0,1,3.9,3.3,2.15,3.4,3.2,2.1,3.45,3.05,2.05,3.6,3.2,2.1,3.9,3.29,2.15,3.6,3.2,2.2,3.8,3.3,2.15,55,3.9,3.65,3.34,3.21,2.22,2.12,41,2.36,2.25,1.67,1.61,32,0.25,2.09,2.03,1.85,1.81,3.84,3.32,2.18
E1,27/09/16,Nott'm Forest,Fulham,1,1,D,0,0,D,D Bond,14,18,2,4,9,6,2,9,2,0,0,0,2.5,3.6,2.9,2.35,3.2,2.9,2.3,3.3,2.7,2.38,3.4,2.88,2.41,3.62,3,2.4,3.6,2.9,2.45,3.6,2.9,55,2.5,2.39,3.62,3.45,3,2.86,41,1.82,1.72,2.17,2.07,32,-0.25,2.12,2.07,1.84,1.78,2.68,3.51,2.77
E1,27/09/16,Wigan,Wolves,2,1,H,1,1,D,T Harrington,6,10,3,4,13,15,1,3,3,3,0,0,2.6,3.4,2.9,2.45,3.25,2.75,2.45,3.05,2.7,2.5,3.2,2.8,2.62,3.35,2.9,2.6,3.25,2.88,2.6,3.4,2.9,54,2.7,2.56,3.4,3.24,2.93,2.79,41,2.08,2.01,1.85,1.76,31,-0.25,2.28,2.16,1.75,1.7,2.58,3.4,2.95
E1,28/09/16,Newcastle,Norwich,4,3,H,1,1,D,P Bankes,22,7,9,5,9,16,5,2,5,5,0,0,2.1,3.5,3.8,2,3.4,3.5,1.95,3.2,3.45,2.05,3.3,3.6,2.1,3.53,3.77,2.05,3.4,3.8,2.1,3.5,3.8,54,2.12,2.05,3.54,3.38,3.8,3.63,42,2.09,1.99,1.86,1.78,31,-0.5,2.1,2.04,1.86,1.79,2.12,3.45,3.88
E1,01/10/16,Birmingham,Blackburn,1,0,H,0,0,D,J Linington,16,10,5,2,17,18,5,8,1,6,0,0,2.05,3.5,4,1.9,3.4,3.9,1.95,3.2,3.6,1.95,3.3,3.8,2,3.53,4.11,2.1,3.3,3.8,2.05,3.5,3.9,55,2.1,2.01,3.53,3.38,4.11,3.79,48,2.13,2.04,1.82,1.74,32,-0.25,1.77,1.71,2.24,2.14,2.21,3.26,3.83
E1,01/10/16,Brentford,Wigan,0,0,D,0,0,D,A Woolmer,15,7,2,2,12,14,12,4,3,3,0,0,2,3.6,4,2,3.3,3.6,1.9,3.35,3.55,1.91,3.6,3.8,1.98,3.73,3.97,2.05,3.3,4,2,3.7,3.9,55,2.06,1.96,3.73,3.54,4,3.76,49,1.9,1.84,2.03,1.93,32,-0.25,1.74,1.7,2.28,2.17,2.05,3.53,4.01
E1,01/10/16,Bristol City,Nott'm Forest,2,1,H,0,1,A,S Duncan,12,12,4,2,8,12,5,3,3,2,0,0,1.95,3.8,4,1.91,3.3,3.9,1.85,3.45,3.6,1.85,3.5,4,1.91,3.81,4.18,2,3.6,3.8,1.95,3.8,4,55,2,1.92,3.84,3.64,4.18,3.81,49,1.78,1.71,2.2,2.09,32,-0.5,1.95,1.9,2,1.92,2.02,3.77,3.84
E1,01/10/16,Burton,Cardiff,2,0,H,1,0,H,A Madley,10,11,2,6,8,7,4,9,1,0,0,0,2.5,3.4,3,2.45,3.1,2.85,2.35,3.05,2.85,2.4,3.2,3,2.47,3.33,3.13,2.5,3.3,3,2.45,3.4,3.1,53,2.52,2.43,3.4,3.22,3.13,2.98,48,2.17,2.09,1.77,1.71,32,-0.25,2.12,2.05,1.87,1.79,2.45,3.28,3.26
E1,01/10/16,Fulham,QPR,1,2,A,0,1,A,L Mason,25,14,6,7,6,11,12,4,2,3,0,0,2.05,3.5,4,2,3.25,3.7,1.95,3.25,3.5,2,3.3,3.8,2.03,3.42,4.17,2.05,3.4,3.6,2.1,3.5,3.8,55,2.14,2.03,3.56,3.37,4.17,3.73,49,2.03,1.92,1.92,1.84,32,-0.25,1.8,1.73,2.22,2.11,2.11,3.35,4.04
E1,01/10/16,Ipswich,Huddersfield,0,1,A,0,0,D,C Kavanagh,11,9,1,3,13,12,6,5,1,1,0,0,2.75,3.2,2.88,2.65,3.1,2.65,2.55,3,2.6,2.75,3,2.75,2.88,3.13,2.79,2.8,3.1,2.8,2.8,3.25,2.8,55,2.88,2.72,3.26,3.1,2.88,2.72,44,2.39,2.24,1.68,1.61,31,0,1.99,1.91,1.99,1.91,2.85,3.04,2.94
E1,01/10/16,Leeds,Barnsley,2,1,H,1,0,H,S Hooper,10,10,5,3,8,9,6,5,1,0,0,0,2.2,3.4,3.6,2.2,3.3,3.1,2.05,3.2,3.25,2.1,3.3,3.5,2.12,3.45,3.79,2.2,3.3,3.5,2.15,3.5,3.6,55,2.2,2.13,3.52,3.36,3.79,3.43,49,2.03,1.93,1.92,1.84,33,-0.25,1.93,1.83,2.07,2,2.17,3.41,3.76
E1,01/10/16,Preston,Aston Villa,2,0,H,2,0,H,P Bankes,19,15,7,2,19,9,9,7,4,4,0,0,3.5,3.4,2.25,3.2,3.2,2.2,3.25,3.1,2.1,3.4,3.25,2.15,3.54,3.38,2.24,3.4,3.3,2.25,3.6,3.4,2.2,54,3.6,3.35,3.4,3.29,2.32,2.2,43,2.23,2.15,1.74,1.67,32,0.25,2.08,1.96,1.95,1.87,3.25,3.43,2.37
E1,01/10/16,Reading,Derby,1,1,D,0,0,D,T Robinson,11,11,4,4,12,11,6,5,2,4,0,0,2.9,3.25,2.7,2.7,3.2,2.5,2.65,3,2.5,2.8,3.1,2.62,2.81,3.23,2.79,2.9,3.1,2.7,2.9,3.25,2.7,55,2.9,2.77,3.28,3.14,2.82,2.64,43,2.31,2.23,1.67,1.62,32,0.25,1.7,1.66,2.35,2.23,2.96,3.2,2.71
E1,01/10/16,Rotherham,Newcastle,0,1,A,0,1,A,R East,10,20,1,6,11,8,14,10,2,1,0,0,6.5,4.4,1.55,6,3.9,1.53,5.75,3.95,1.45,6.5,4.2,1.5,6.73,4.44,1.53,6.5,4,1.57,5.25,4.5,1.55,54,6.73,6.14,4.51,4.22,1.58,1.52,49,1.83,1.76,2.11,2.02,36,1,2.06,1.96,1.93,1.86,6.21,4.63,1.56
E1,01/10/16,Sheffield Weds,Brighton,1,2,A,0,1,A,O Langford,23,5,5,3,12,12,7,3,0,4,0,0,2.38,3.3,3.3,2.3,3.1,3.1,2.2,3.05,3.1,2.3,3.1,3.2,2.38,3.29,3.32,2.4,3.3,3.1,2.38,3.4,3.25,54,2.4,2.3,3.4,3.21,3.38,3.21,49,2.2,2.1,1.8,1.71,33,-0.25,2.09,1.98,1.92,1.85,2.38,3.26,3.41
E1,01/10/16,Wolves,Norwich,1,2,A,0,1,A,G Eltringham,7,11,3,3,15,10,5,2,3,3,0,0,3,3.4,2.5,2.7,3.2,2.5,2.8,3.1,2.35,2.9,3.3,2.4,3.03,3.42,2.49,3,3.3,2.5,3,3.4,2.5,54,3.1,2.94,3.42,3.25,2.54,2.44,48,2.06,1.98,1.9,1.8,31,0.25,1.8,1.75,2.17,2.09,3.13,3.44,2.44
E1,14/10/16,Cardiff,Bristol City,2,1,H,1,0,H,J Linington,12,11,4,1,10,16,3,1,4,3,0,0,2.88,3.25,2.7,2.9,3.2,2.7,2.65,3.05,2.45,2.7,3.2,2.62,2.86,3.29,2.72,2.8,3.2,2.7,2.8,3.3,2.7,49,2.91,2.78,3.3,3.18,2.75,2.62,42,2.08,2.01,1.86,1.78,24,-0.25,2.4,2.34,1.66,1.6,2.73,3.39,2.79
E1,14/10/16,Nott'm Forest,Birmingham,3,1,H,1,0,H,J Simpson,11,14,6,5,14,20,3,4,2,3,0,0,2.6,3.4,2.88,2.35,3.2,2.9,2.4,3.15,2.65,2.5,3.25,2.75,2.67,3.37,2.87,2.6,3.3,2.88,2.63,3.4,2.8,49,2.67,2.54,3.4,3.26,2.95,2.81,42,1.98,1.89,1.96,1.88,23,-0.25,2.27,2.18,1.75,1.69,2.58,3.44,2.92
E1,15/10/16,Aston Villa,Wolves,1,1,D,1,1,D,D Coote,4,11,3,2,16,16,6,5,3,3,0,0,2,3.5,4.2,1.95,3.5,4,1.85,3.2,3.8,1.91,3.4,4,1.97,3.56,4.22,2.05,3.3,4,2,3.5,4.2,49,2.06,1.95,3.6,3.41,4.22,3.95,43,2.12,2.02,1.84,1.77,24,-0.5,1.97,1.93,1.96,1.89,2.08,3.39,4.07
E1,15/10/16,Barnsley,Fulham,2,4,A,2,2,D,K Stroud,10,14,4,6,13,10,4,5,2,3,1,0,2.5,3.4,3,2.45,3.2,2.75,2.35,3.15,2.7,2.4,3.3,2.88,2.55,3.39,2.96,2.5,3.4,2.9,2.45,3.4,2.9,49,2.65,2.46,3.5,3.3,3,2.85,42,1.8,1.73,2.2,2.07,24,-0.25,2.2,2.11,1.82,1.74,2.96,3.41,2.57
E1,15/10/16,Blackburn,Ipswich,0,0,D,0,0,D,G Eltringham,9,14,1,5,7,19,2,9,1,0,0,0,2.55,3.25,3.1,2.35,3.1,3,2.35,3,2.9,2.4,3,3.1,2.53,3.15,3.21,2.6,3.1,3,2.5,3.25,3.13,49,2.6,2.45,3.25,3.13,3.21,3.01,35,2.48,2.29,1.65,1.58,25,-0.25,2.14,2.09,1.81,1.77,2.74,3.05,3.05
E1,15/10/16,Brighton,Preston,2,2,D,0,1,A,C Pawson,22,4,3,1,7,15,6,1,0,2,0,0,1.6,4,6.5,1.6,3.75,5.25,1.55,3.6,5.5,1.62,3.6,6,1.63,3.9,6.53,1.62,3.75,6.5,1.62,4,6.5,48,1.65,1.59,4,3.79,6.54,5.99,41,2.13,2.05,1.81,1.74,28,-1,2.18,2.07,1.83,1.77,1.71,3.76,5.85
E1,15/10/16,Derby,Leeds,1,0,H,0,0,D,T Harrington,9,13,3,2,10,10,6,5,2,0,0,0,1.83,3.6,5,1.72,3.4,5,1.7,3.3,4.55,1.75,3.4,5,1.78,3.64,5.27,1.83,3.4,5,1.83,3.6,5,49,1.85,1.78,3.64,3.47,5.28,4.81,36,2.27,2.16,1.73,1.66,25,-0.75,2.09,2.02,1.89,1.82,2.02,3.46,4.27
E1,15/10/16,Newcastle,Brentford,3,1,H,2,0,H,S Hooper,15,7,6,2,6,11,5,5,3,3,0,0,1.57,4.33,6.5,1.5,4,6,1.5,3.95,5.5,1.5,4,6.5,1.54,4.32,6.94,1.53,4,7,1.57,4.33,6.5,49,1.57,1.53,4.34,4.12,7,6.2,42,1.81,1.73,2.13,2.07,29,-1,1.95,1.88,2.01,1.94,1.64,4.31,5.66
E1,15/10/16,Norwich,Rotherham,3,1,H,1,0,H,J Adcock,22,6,6,3,6,9,8,4,0,1,0,0,1.36,5.25,9.5,1.36,5,7,1.35,4.6,7,1.36,4.75,8,1.39,5.2,8.85,1.36,5,9,1.4,5.25,9,49,1.41,1.36,5.32,4.96,10,8.14,36,1.61,1.56,2.53,2.35,27,-1.5,2.16,2.04,1.85,1.78,1.39,5.76,7.84
E1,15/10/16,QPR,Reading,1,1,D,1,1,D,S Martin,8,13,2,4,13,4,9,3,1,1,0,0,2.5,3.2,3.2,2.35,3.1,3,2.35,3,2.85,2.5,3,3,2.56,3.16,3.15,2.5,3.2,3,2.55,3.2,3,49,2.6,2.47,3.2,3.1,3.25,3,36,2.27,2.19,1.72,1.64,25,-0.25,2.18,2.1,1.8,1.75,2.8,3.21,2.83
E1,15/10/16,Wigan,Burton,0,0,D,0,0,D,A Davies,15,16,5,2,14,11,6,3,0,3,0,0,2.1,3.5,3.75,2.05,3.25,3.5,2,3.2,3.4,2.05,3.3,3.75,2.1,3.44,3.87,2.15,3.2,3.75,2.1,3.5,3.75,49,2.15,2.07,3.5,3.37,3.87,3.58,42,2.07,1.97,1.89,1.81,24,-0.5,2.12,2.05,1.86,1.79,2.07,3.53,3.95
E1,16/10/16,Huddersfield,Sheffield Weds,0,1,A,0,0,D,G Scott,12,9,2,3,9,16,9,4,1,2,0,0,2.63,3.3,2.9,2.55,3.3,3,2.4,3.05,2.7,2.5,3.1,2.9,2.6,3.26,3,2.5,3.2,3,2.55,3.3,3,49,2.63,2.51,3.3,3.19,3,2.88,41,2.25,2.12,1.79,1.7,24,-0.25,2.23,2.15,1.77,1.72,2.7,3.15,2.97
E1,18/10/16,Barnsley,Newcastle,0,2,A,0,0,D,P Tierney,8,17,2,6,17,12,0,4,1,2,0,0,6,4,1.65,5,3.75,1.62,4.9,3.7,1.6,5.25,4,1.62,5.65,4.22,1.65,5.5,4,1.65,5.5,4.2,1.65,55,6,5.34,4.22,3.88,1.71,1.63,47,1.8,1.74,2.14,2.04,34,1,1.82,1.76,2.16,2.07,5.63,4.24,1.65
E1,18/10/16,Birmingham,Rotherham,4,2,H,3,1,H,C Kavanagh,13,12,6,6,17,15,4,1,1,2,0,0,1.65,4,6,1.62,3.5,5.5,1.6,3.65,4.9,1.62,3.8,5.5,1.65,4.12,5.9,1.62,4,6,1.67,4.1,5.5,55,1.71,1.63,4.12,3.85,6,5.41,48,1.83,1.76,2.12,2.02,32,-1,2.16,2.06,1.83,1.76,1.65,4.01,6.01
E1,18/10/16,Blackburn,Nott'm Forest,2,1,H,2,0,H,T Robinson,9,20,2,2,16,11,1,2,3,1,0,1,2.6,3.4,2.9,2.35,3.2,2.95,2.35,3.15,2.7,2.5,3.3,2.8,2.55,3.43,2.97,2.38,3.5,3,2.55,3.5,2.88,55,2.6,2.46,3.5,3.3,3.15,2.87,48,2,1.92,1.93,1.84,30,-0.25,2.2,2.12,1.78,1.73,2.62,3.39,2.91
E1,18/10/16,Brighton,Wolves,1,0,H,1,0,H,K Stroud,9,11,3,4,14,11,9,10,2,3,0,0,1.91,3.6,4.5,1.8,3.4,4.33,1.8,3.3,4,1.85,3.4,4.33,1.91,3.59,4.58,1.91,3.5,4.33,1.91,3.6,4.5,55,1.93,1.87,3.6,3.48,4.75,4.23,48,2.09,1.99,1.9,1.78,30,-0.75,2.21,2.13,1.77,1.72,1.97,3.49,4.41
E1,18/10/16,Derby,Brentford,0,0,D,0,0,D,S Duncan,14,9,3,3,8,9,6,3,1,1,0,0,1.91,3.6,4.5,1.83,3.4,4.2,1.85,3.3,3.85,1.91,3.4,4.2,1.94,3.6,4.39,1.91,3.6,4.2,1.95,3.6,4.3,55,1.97,1.9,3.6,3.41,4.65,4.21,48,2.07,1.96,1.9,1.81,30,-0.75,2.24,2.15,1.77,1.72,1.93,3.62,4.43
E1,18/10/16,Fulham,Norwich,2,2,D,0,2,A,J Linington,13,12,3,4,8,22,8,9,4,3,0,0,3,3.5,2.45,3,3.2,2.3,2.75,3.25,2.25,2.9,3.4,2.4,3.05,3.51,2.46,3.1,3.5,2.3,2.9,3.5,2.45,55,3.1,2.94,3.51,3.38,2.5,2.37,48,1.79,1.71,2.18,2.09,31,0.25,1.83,1.79,2.11,2.04,3.05,3.55,2.44
E1,18/10/16,Ipswich,Burton,2,0,H,1,0,H,O Langford,10,18,4,2,11,9,7,12,1,2,0,0,2.05,3.3,4.2,1.9,3.3,4,1.95,3.05,3.75,2.05,3.1,4,2.11,3.29,4.15,2.05,3.3,4,2.1,3.3,4.1,55,2.11,2.03,3.4,3.21,4.2,3.92,48,2.49,2.35,1.62,1.57,30,-0.5,2.09,2.02,1.85,1.81,2.11,3.31,4.09
E1,18/10/16,Leeds,Wigan,1,1,D,1,0,H,P Bankes,13,12,4,4,9,5,4,5,0,0,0,0,2.1,3.3,4,2.05,3.2,3.6,2,3.1,3.45,2.1,3.2,3.6,2.17,3.35,3.82,2.1,3.3,3.8,2.1,3.3,3.7,55,2.17,2.1,3.4,3.25,4,3.64,48,2.28,2.16,1.71,1.66,29,-0.5,2.17,2.09,1.8,1.75,2.07,3.39,4.11
E1,18/10/16,QPR,Bristol City,1,0,H,0,0,D,A Madley,21,12,5,2,6,7,12,11,0,1,0,0,2.8,3.4,2.7,2.65,3.1,2.65,2.65,3.05,2.5,2.75,3.2,2.6,2.85,3.37,2.68,2.8,3.3,2.62,2.8,3.4,2.63,55,2.85,2.74,3.4,3.21,2.8,2.63,48,2.1,2.01,1.86,1.77,30,-0.25,2.42,2.33,1.66,1.61,3.12,3.39,2.47
E1,18/10/16,Reading,Aston Villa,1,2,A,0,1,A,A Woolmer,14,13,7,6,9,13,7,2,1,1,0,0,2.7,3.2,2.9,2.35,3.2,2.9,2.5,3,2.7,2.62,3.1,2.8,2.71,3.27,2.9,2.7,3.2,2.8,2.63,3.25,2.9,55,2.75,2.59,3.28,3.16,2.9,2.81,48,2.25,2.12,1.77,1.68,30,-0.25,2.3,2.21,1.72,1.67,2.72,3.23,2.92
E1,19/10/16,Cardiff,Sheffield Weds,1,1,D,1,0,H,D Bond,12,11,4,4,10,10,4,5,1,1,0,0,3.1,3.3,2.5,2.9,3.25,2.35,2.85,3,2.35,2.9,3.1,2.4,3.12,3.3,2.52,3,3.25,2.5,3,3.3,2.55,55,3.15,2.95,3.3,3.17,2.6,2.45,42,2.27,2.15,1.72,1.65,30,0.25,1.8,1.75,2.19,2.09,2.94,3.3,2.65
E1,19/10/16,Preston,Huddersfield,3,1,H,2,0,H,J Simpson,8,13,5,3,16,13,4,11,1,1,0,0,2.75,3.2,2.9,2.6,3.2,2.6,2.5,3,2.65,2.62,3,2.8,2.82,3.12,2.87,2.7,3.2,2.8,2.7,3.2,2.9,54,2.82,2.64,3.3,3.1,3,2.78,41,2.39,2.24,1.67,1.6,28,-0.25,2.36,2.21,1.72,1.66,2.84,3.25,2.78
E1,21/10/16,Burton,Birmingham,2,0,H,1,0,H,T Robinson,15,7,5,1,14,11,2,4,3,3,0,0,2.8,3.25,2.75,2.9,3.2,2.6,2.65,3,2.5,2.88,3.2,2.7,2.97,3.19,2.71,2.88,3.25,2.6,2.9,3.25,2.63,54,3,2.79,3.25,3.16,2.85,2.63,46,2.25,2.14,1.73,1.67,29,-0.25,2.48,2.35,1.62,1.59,2.98,3.25,2.65
E1,22/10/16,Aston Villa,Fulham,1,0,H,0,0,D,A Madley,16,5,7,0,15,11,6,8,0,4,0,0,2.15,3.5,3.6,1.9,3.6,3.6,2,3.3,3.3,2.05,3.4,3.5,2.11,3.54,3.73,2.15,3.5,3.5,2.15,3.6,3.6,53,2.15,2.07,3.6,3.46,3.85,3.49,46,1.92,1.85,2.03,1.91,30,-0.25,1.83,1.79,2.12,2.04,2.13,3.58,3.69
E1,22/10/16,Brentford,Barnsley,0,2,A,0,1,A,J Linington,20,16,7,7,6,14,9,3,2,3,0,0,1.85,3.75,4.5,1.83,3.6,3.9,1.75,3.55,3.85,1.85,3.5,4.2,1.91,3.68,4.36,1.85,3.6,4.5,1.91,3.8,4.2,53,1.91,1.84,3.85,3.68,4.5,4.09,46,1.8,1.69,2.25,2.1,30,-0.75,2.19,2.08,1.81,1.75,1.65,4.5,5.16
E1,22/10/16,Bristol City,Blackburn,1,0,H,0,0,D,A Davies,12,15,3,3,13,14,4,7,2,1,0,0,1.8,3.8,4.75,1.72,3.6,4.5,1.7,3.45,4.35,1.75,3.6,4.75,1.77,3.78,5.11,1.8,3.75,4.6,1.8,3.8,4.8,54,1.85,1.76,3.81,3.64,5.11,4.61,47,1.97,1.87,2,1.88,30,-0.75,2.05,1.98,1.92,1.84,1.79,3.9,4.85
E1,22/10/16,Huddersfield,Derby,1,0,H,0,0,D,P Bankes,21,7,5,2,12,12,6,5,2,1,0,0,2.8,3.1,2.9,2.55,2.85,2.95,2.55,2.9,2.7,2.62,2.9,2.9,2.74,2.99,3.07,2.75,3,2.9,2.75,3.1,2.9,53,2.8,2.67,3.15,2.99,3.07,2.86,40,2.59,2.38,1.61,1.53,29,-0.25,2.33,2.23,1.71,1.65,2.8,3.12,2.92
E1,22/10/16,Newcastle,Ipswich,3,0,H,1,0,H,J Adcock,16,8,5,2,7,5,6,3,2,1,0,0,1.45,4.33,8.5,1.44,4.2,6.75,1.4,3.9,6.75,1.48,4,7,1.5,4.32,7.85,1.44,4.2,9,1.5,4.4,7.5,53,1.52,1.46,4.5,4.19,9,7.34,45,2.13,1.99,1.85,1.77,33,-1,1.88,1.79,2.12,2.04,1.47,4.54,8.23
E1,22/10/16,Norwich,Preston,0,1,A,0,0,D,S Martin,18,7,7,5,6,10,12,4,1,1,0,0,1.62,4,6.5,1.55,4,5.5,1.55,3.7,5.25,1.62,3.8,5.5,1.65,4.08,5.79,1.62,4,6,1.67,4,5.75,52,1.67,1.6,4.2,3.94,6.5,5.59,45,1.95,1.86,1.99,1.9,33,-1,2.16,2.05,1.85,1.77,1.65,4.26,5.62
E1,22/10/16,Nott'm Forest,Cardiff,1,2,A,0,2,A,A Woolmer,17,12,3,5,9,13,1,3,1,1,1,0,2.4,3.6,3,2.25,3.3,3,2.25,3.25,2.8,2.38,3.3,2.9,2.46,3.49,3.01,2.5,3.4,2.9,2.4,3.6,3,53,2.5,2.37,3.6,3.39,3.02,2.92,46,1.97,1.86,2.04,1.9,30,-0.25,2.11,2.04,1.83,1.79,2.65,3.34,2.91
E1,22/10/16,Rotherham,Reading,0,1,A,0,0,D,S Duncan,13,24,8,5,16,7,7,6,2,2,0,0,3.5,3.4,2.25,3.2,3.4,2.1,3.2,3.25,2.05,3.3,3.4,2.15,3.34,3.58,2.24,3.4,3.4,2.2,3.4,3.5,2.25,53,3.6,3.31,3.58,3.39,2.25,2.15,46,1.99,1.9,1.95,1.85,30,0.25,2.02,1.95,1.94,1.86,3.09,3.52,2.43
E1,22/10/16,Sheffield Weds,QPR,1,0,H,1,0,H,C Kavanagh,13,10,2,4,8,19,5,8,1,4,0,0,1.8,3.8,4.75,1.72,3.6,4.6,1.65,3.4,4.65,1.7,3.6,5,1.73,3.82,5.39,1.75,3.75,5,1.75,3.8,5.25,53,1.81,1.73,3.82,3.61,5.5,4.9,46,2.12,2.02,1.83,1.75,30,-0.75,2,1.93,1.96,1.89,1.71,4.01,5.37
E1,22/10/16,Wigan,Brighton,0,1,A,0,0,D,S Hooper,11,9,1,2,15,6,7,8,2,1,0,0,3.2,3.4,2.4,3.1,3.3,2.2,3,3.1,2.2,3.1,3.1,2.3,3.28,3.29,2.4,3.1,3.3,2.4,3.25,3.4,2.38,54,3.28,3.13,3.4,3.24,2.4,2.32,46,2.28,2.15,1.73,1.66,30,0.25,1.88,1.84,2.05,1.98,3.21,3.36,2.43
E1,22/10/16,Wolves,Leeds,0,1,A,0,0,D,S Attwell,14,11,1,2,12,8,5,2,2,2,0,0,2.15,3.6,3.5,2.1,3.3,3.3,2.05,3.15,3.3,2.1,3.25,3.6,2.13,3.4,3.82,2.15,3.4,3.5,2.15,3.5,3.6,53,2.2,2.11,3.6,3.37,3.82,3.47,45,2.26,2.09,1.77,1.7,30,-0.25,1.88,1.82,2.09,2.01,2.08,3.42,4.05
E1,28/10/16,QPR,Brentford,0,2,A,0,1,A,J Adcock,15,13,4,4,10,7,5,6,2,1,0,0,2.8,3.25,2.8,2.7,3.2,2.7,2.55,3.05,2.55,2.75,3.25,2.75,2.78,3.25,2.83,2.75,3.2,2.75,2.7,3.3,2.8,57,2.9,2.68,3.3,3.21,2.9,2.71,49,2.07,1.99,1.86,1.78,33,-0.25,2.38,2.28,1.7,1.64,2.64,3.34,2.93
E1,29/10/16,Barnsley,Bristol City,2,2,D,1,0,H,G Eltringham,20,17,8,7,17,14,5,3,3,3,0,0,3.2,3.4,2.38,3,3.3,2.25,2.9,3.2,2.2,3,3.3,2.3,3.2,3.42,2.38,3.1,3.3,2.4,3.13,3.5,2.38,55,3.21,3.07,3.5,3.35,2.45,2.3,47,1.85,1.78,2.11,1.98,33,0.25,1.94,1.86,2.05,1.96,3.48,3.72,2.16
E1,29/10/16,Blackburn,Wolves,1,1,D,1,0,H,S Duncan,15,17,5,5,7,9,6,3,2,2,0,0,3.2,3.3,2.45,2.85,3.25,2.35,2.9,3.05,2.3,3,3.2,2.4,3.15,3.35,2.46,3.1,3.3,2.4,3.13,3.3,2.45,56,3.21,3.02,3.35,3.22,2.55,2.4,47,2.2,2.09,1.78,1.71,32,0.25,1.85,1.78,2.13,2.06,3.07,3.39,2.5
E1,29/10/16,Brighton,Norwich,5,0,H,1,0,H,A Madley,11,8,7,2,12,10,2,2,1,3,0,0,2.4,3.3,3.3,2.35,3.2,2.95,2.15,3.1,3.1,2.2,3.2,3.3,2.28,3.34,3.49,2.4,3.3,3.1,2.3,3.3,3.4,56,2.45,2.3,3.35,3.24,3.49,3.19,47,2.2,2.09,1.77,1.7,33,-0.25,2.02,1.94,1.98,1.88,2.27,3.33,3.6
E1,29/10/16,Cardiff,Wigan,0,1,A,0,0,D,O Langford,19,7,4,2,14,17,6,2,0,0,0,0,2.1,3.4,3.9,2.05,3.3,3.5,2,3.15,3.5,2,3.25,3.8,2.06,3.41,4.05,2.15,3.2,3.8,2.1,3.4,3.9,56,2.24,2.08,3.41,3.3,4.05,3.64,48,2.25,2.15,1.75,1.66,32,-0.25,1.86,1.76,2.18,2.07,2.13,3.27,4.06
E1,29/10/16,Derby,Sheffield Weds,2,0,H,1,0,H,J Linington,19,17,6,7,3,10,9,8,1,3,0,0,2.5,3.2,3.2,2.25,3.2,3.1,2.3,2.95,2.95,2.4,3,3.1,2.51,3.14,3.24,2.5,3.2,3.1,2.5,3.2,3.2,56,2.55,2.42,3.2,3.1,3.24,3.09,42,2.5,2.3,1.63,1.57,32,-0.25,2.13,2.04,1.86,1.79,2.43,3.28,3.29
E1,29/10/16,Fulham,Huddersfield,5,0,H,3,0,H,D Coote,14,12,9,6,16,17,6,6,1,2,0,0,2.4,3.4,3.2,2.3,3.2,3,2.2,3.15,3,2.25,3.1,3.3,2.33,3.29,3.43,2.3,3.3,3.3,2.38,3.4,3.25,56,2.45,2.3,3.4,3.26,3.43,3.16,48,2.07,1.92,1.92,1.84,31,-0.25,2.05,1.96,1.92,1.86,2.2,3.46,3.6
E1,29/10/16,Ipswich,Rotherham,2,2,D,1,1,D,D Bond,17,10,5,2,8,11,5,2,0,0,0,0,1.8,3.7,5,1.6,3.75,5.25,1.7,3.45,4.35,1.75,3.6,4.75,1.76,3.82,5.14,1.73,3.8,5,1.75,3.75,5.4,55,1.8,1.74,3.82,3.66,5.6,4.82,47,2.08,1.95,1.9,1.81,33,-1,2.49,2.35,1.66,1.59,1.8,3.78,4.98
E1,29/10/16,Leeds,Burton,2,0,H,0,0,D,J Simpson,12,22,5,2,18,10,5,8,4,2,0,0,2.1,3.4,3.9,2.05,3.2,3.6,2,3.1,3.5,2,3.25,3.8,2.06,3.41,4.05,2.1,3.3,3.8,2.1,3.4,3.9,56,2.12,2.05,3.41,3.28,4.05,3.74,43,2.33,2.22,1.7,1.62,32,-0.5,2.13,2.04,1.86,1.79,1.98,3.65,4.14
E1,29/10/16,Preston,Newcastle,1,2,A,0,0,D,C Kavanagh,14,10,4,6,9,17,8,0,3,4,0,0,5.5,3.8,1.73,5,3.6,1.67,4.8,3.45,1.65,5,3.6,1.7,5.66,3.76,1.71,5,3.75,1.75,5.25,3.8,1.75,56,5.67,5.07,3.8,3.63,1.78,1.71,47,2.15,2.05,1.82,1.73,33,0.75,1.97,1.9,2,1.92,4.95,3.87,1.79
E1,29/10/16,Reading,Nott'm Forest,2,0,H,1,0,H,A Davies,7,21,4,5,15,11,8,8,3,2,0,0,2.05,3.5,4,1.91,3.3,3.9,1.9,3.25,3.55,1.95,3.4,3.8,2.03,3.56,3.97,2.05,3.5,3.75,2.05,3.5,3.9,56,2.06,2,3.56,3.45,4,3.73,48,2,1.92,1.94,1.84,32,-0.25,1.76,1.71,2.23,2.15,1.94,3.78,4.14
E1,30/10/16,Birmingham,Aston Villa,1,1,D,0,1,A,M Dean,14,5,3,1,15,13,4,3,2,3,0,0,2.9,3.3,2.63,2.85,3.2,2.6,2.65,3.05,2.45,2.8,3.1,2.6,2.89,3.31,2.65,2.9,3.2,2.62,2.9,3.3,2.63,56,3,2.81,3.31,3.2,2.66,2.57,46,2.2,2.1,1.76,1.69,32,0.25,1.75,1.69,2.28,2.18,3.24,2.98,2.66
E1,04/11/16,Brentford,Fulham,0,2,A,0,1,A,T Robinson,11,16,3,5,6,7,12,4,3,1,0,0,2.3,3.6,3.2,2.25,3.3,3,2.2,3.3,2.9,2.3,3.5,3.2,2.35,3.55,3.2,2.3,3.4,3.2,2.38,3.6,3,50,2.45,2.29,3.6,3.43,3.25,3.07,45,1.75,1.68,2.25,2.14,31,-0.25,2.05,1.97,1.92,1.86,2.48,3.52,3
E1,05/11/16,Aston Villa,Blackburn,2,1,H,0,0,D,R East,12,9,5,5,13,18,5,5,2,2,0,0,1.67,3.8,6,1.55,3.8,5.75,1.55,3.6,5.25,1.6,3.8,5.75,1.61,4.05,6.33,1.67,3.75,6,1.62,4,6.25,51,1.68,1.62,4.05,3.79,6.34,5.67,46,2.11,2.02,1.85,1.76,33,-1,2.21,2.11,1.8,1.73,1.82,3.73,4.92
E1,05/11/16,Bristol City,Brighton,0,2,A,0,2,A,D Bond,11,8,2,2,8,12,4,3,1,1,0,0,3,3.4,2.5,2.65,3.3,2.5,2.8,3.1,2.35,3,3.2,2.4,3.15,3.35,2.45,3,3.2,2.5,3,3.4,2.5,51,3.17,2.95,3.4,3.24,2.62,2.45,47,2.13,2.05,1.8,1.74,30,0.25,1.83,1.77,2.14,2.07,2.98,3.35,2.59
E1,05/11/16,Burton,Barnsley,0,0,D,0,0,D,P Bankes,21,13,10,2,9,13,9,3,1,1,0,0,2.2,3.5,3.5,2.1,3.4,3.25,2.1,3.25,3.05,2.15,3.3,3.3,2.21,3.55,3.43,2.3,3.2,3.4,2.25,3.5,3.3,51,2.3,2.18,3.55,3.42,3.5,3.26,47,1.87,1.79,2.13,1.98,31,-0.25,1.95,1.88,2.01,1.94,2.15,3.54,3.68
E1,05/11/16,Huddersfield,Birmingham,1,1,D,0,0,D,S Martin,20,7,6,1,20,16,9,3,0,2,0,0,2.25,3.3,3.6,2.1,3.2,3.4,2.1,3.05,3.2,2.15,3.1,3.5,2.22,3.26,3.73,2.3,3.2,3.4,2.25,3.3,3.5,51,2.3,2.21,3.3,3.22,3.73,3.39,47,2.31,2.14,1.73,1.68,31,-0.25,1.95,1.88,2.01,1.95,2.11,3.3,4.09
E1,05/11/16,Newcastle,Cardiff,2,1,H,2,0,H,T Harrington,18,10,4,2,12,7,10,4,0,1,0,0,1.44,4.75,8,1.4,4.25,7.5,1.4,4.1,6.75,1.44,4.33,7.5,1.47,4.54,8.1,1.44,4.5,8,1.45,4.75,8,51,1.5,1.44,4.75,4.38,8.1,7.39,47,1.98,1.86,2,1.9,32,-1,1.78,1.72,2.21,2.13,1.51,4.37,7.77
E1,05/11/16,Norwich,Leeds,2,3,A,1,0,H,A Davies,17,21,5,9,14,13,4,5,2,2,0,0,1.85,3.8,4.5,1.8,3.5,4.2,1.75,3.4,4,1.83,3.6,4.2,1.86,3.78,4.47,1.91,3.6,4.2,1.87,3.8,4.4,51,1.87,1.82,3.8,3.59,5,4.33,47,1.93,1.85,2.01,1.92,30,-0.75,2.14,2.06,1.81,1.77,1.93,3.7,4.33
E1,05/11/16,Nott'm Forest,QPR,1,1,D,1,0,H,K Stroud,13,12,7,4,23,13,5,4,4,2,1,1,2.25,3.5,3.4,2.25,3.2,3.1,2.15,3.2,3.05,2.25,3.3,3.1,2.3,3.48,3.3,2.3,3.2,3.4,2.3,3.5,3.3,51,2.4,2.25,3.5,3.35,3.4,3.17,47,1.96,1.88,1.98,1.88,31,-0.25,2,1.93,1.95,1.9,2.2,3.53,3.54
E1,05/11/16,Rotherham,Preston,1,3,A,0,2,A,A Woolmer,14,15,5,6,12,9,5,4,0,1,0,0,3.1,3.5,2.38,2.95,3.4,2.25,2.95,3.2,2.2,3,3.3,2.3,3.13,3.42,2.42,3,3.2,2.5,3.1,3.5,2.4,51,3.19,3.06,3.5,3.34,2.5,2.32,47,1.92,1.84,2.01,1.92,31,0.25,1.92,1.84,2.09,1.99,3.49,3.47,2.25
E1,05/11/16,Sheffield Weds,Ipswich,1,2,A,1,1,D,A Madley,14,9,3,2,9,14,8,2,1,2,0,0,1.75,3.6,5.75,1.65,3.5,5.25,1.65,3.25,4.95,1.73,3.3,5.5,1.74,3.52,5.99,1.8,3.2,5.5,1.75,3.6,5.5,51,1.8,1.72,3.6,3.44,6,5.35,41,2.5,2.31,1.63,1.57,31,-0.75,2.03,1.96,1.93,1.87,1.8,3.67,5.23
E1,05/11/16,Wigan,Reading,0,3,A,0,2,A,D Coote,18,12,3,4,9,10,6,5,3,2,0,0,2.6,3.1,3.1,2.4,3.1,2.95,2.35,3,2.85,2.4,3.1,3,2.55,3.23,3.09,2.62,3.3,2.8,2.55,3.2,3.13,51,2.6,2.48,3.3,3.13,3.13,2.98,45,2.25,2.14,1.76,1.67,31,-0.25,2.2,2.11,1.81,1.74,2.29,3.3,3.58
E1,05/11/16,Wolves,Derby,2,3,A,0,2,A,P Tierney,11,16,5,9,15,10,7,9,5,1,0,0,2.7,3.25,2.9,2.5,3.1,2.8,2.5,2.95,2.7,2.5,3.1,2.88,2.66,3.23,2.94,2.7,3.2,2.8,2.63,3.3,3,51,2.7,2.6,3.3,3.13,3,2.84,41,2.5,2.35,1.61,1.56,30,-0.25,2.26,2.19,1.75,1.69,2.57,3.23,3.11
E1,18/11/16,Brighton,Aston Villa,1,1,D,1,1,D,S Martin,7,14,2,2,13,15,2,12,1,2,0,0,1.91,3.4,4.75,1.83,3.3,4.25,1.8,3.15,4.15,1.91,3.3,4.75,1.96,3.32,4.78,1.95,3.2,4.5,1.91,3.4,4.5,53,1.97,1.91,3.4,3.28,4.95,4.44,47,2.38,2.27,1.68,1.6,30,-0.5,1.96,1.9,1.99,1.93,2.1,3.28,4.18
E1,19/11/16,Barnsley,Wigan,0,0,D,0,0,D,J Simpson,15,6,2,3,11,16,6,4,0,2,0,0,2.5,3.4,3,2.45,3.2,2.75,2.35,3.1,2.75,2.4,3.1,3,2.52,3.25,3.12,2.5,3.2,3,2.5,3.4,3,53,2.65,2.45,3.4,3.23,3.12,2.94,48,1.99,1.9,1.95,1.87,29,-0.25,2.14,2.07,1.82,1.77,2.53,3.5,2.95
E1,19/11/16,Birmingham,Bristol City,1,0,H,0,0,D,T Harrington,17,20,7,7,15,12,2,11,2,1,1,0,2.4,3.4,3.2,2.35,3.2,2.9,2.3,3.1,2.85,2.4,3.25,2.9,2.51,3.39,3.01,2.5,3.2,3,2.5,3.4,3,53,2.55,2.41,3.4,3.29,3.2,2.96,47,2.04,1.95,1.9,1.81,30,-0.25,2.15,2.05,1.84,1.78,2.55,3.4,3
E1,19/11/16,Blackburn,Brentford,3,2,H,3,2,H,C Kavanagh,13,14,5,3,13,13,5,5,3,2,0,0,2.7,3.3,2.88,2.65,3.1,2.65,2.45,3.1,2.65,2.6,3.2,2.75,2.68,3.33,2.84,2.75,3.2,2.75,2.63,3.3,2.8,53,2.75,2.6,3.33,3.22,2.88,2.76,47,2.08,1.99,1.87,1.78,30,-0.25,2.29,2.19,1.73,1.68,2.74,3.41,2.77
E1,19/11/16,Cardiff,Huddersfield,3,2,H,3,1,H,J Adcock,10,10,5,4,12,11,5,6,2,4,0,0,2.5,3.25,3.2,2.45,3.1,2.85,2.4,2.95,2.85,2.4,3,3.1,2.53,3.15,3.2,2.5,3.2,3,2.5,3.25,3.13,53,2.54,2.47,3.3,3.09,3.2,3.04,42,2.5,2.35,1.61,1.56,30,-0.25,2.2,2.1,1.8,1.75,2.4,3.23,3.4
E1,19/11/16,Derby,Rotherham,3,0,H,2,0,H,O Langford,20,8,11,1,6,19,5,7,0,2,0,0,1.44,4.75,8,1.4,4.33,7.25,1.4,4.15,6.5,1.44,4.33,7.5,1.46,4.86,7.55,1.44,4.5,7.5,1.45,4.75,7.5,53,1.48,1.44,4.86,4.45,8,7.17,47,1.82,1.74,2.16,2.05,33,-1,1.78,1.71,2.23,2.14,1.47,5,7.27
E1,19/11/16,Fulham,Sheffield Weds,1,1,D,0,1,A,G Eltringham,15,10,3,2,11,16,5,0,2,4,0,0,2.4,3.4,3.2,2.35,3.2,2.9,2.2,3.1,2.95,2.3,3.1,3.2,2.35,3.32,3.35,2.4,3.2,3.2,2.4,3.4,3.13,53,2.43,2.32,3.4,3.26,3.35,3.12,48,1.98,1.89,1.96,1.87,30,-0.25,2.06,1.99,1.91,1.83,2.4,3.46,3.18
E1,19/11/16,Ipswich,Nott'm Forest,0,2,A,0,2,A,P Bankes,9,12,2,8,9,11,11,4,1,2,0,0,2.1,3.5,3.75,2.05,3.25,3.5,1.95,3.15,3.5,2,3.3,3.75,2.04,3.53,3.98,2.15,3.4,3.6,2.1,3.5,3.8,53,2.15,2.05,3.53,3.34,3.98,3.71,48,2.14,2.04,1.83,1.74,30,-0.5,2.1,2.03,1.88,1.8,2.12,3.42,3.9
E1,19/11/16,Preston,Wolves,0,0,D,0,0,D,J Linington,10,6,2,1,11,11,4,4,4,4,0,0,2.5,3.3,3.1,2.4,3.2,2.85,2.3,3.05,2.9,2.38,3.25,3,2.43,3.38,3.14,2.4,3.2,3.2,2.45,3.3,3.2,53,2.5,2.39,3.38,3.23,3.2,3.04,47,2.18,2.09,1.77,1.71,30,-0.25,2.1,2.02,1.88,1.81,2.39,3.46,3.2
E1,19/11/16,QPR,Norwich,2,1,H,2,0,H,S Duncan,16,9,5,1,13,7,9,5,1,3,0,1,3.4,3.4,2.3,3.25,3.25,2.15,3.05,3.2,2.1,3.25,3.3,2.2,3.45,3.43,2.26,3.3,3.3,2.3,3.3,3.3,2.3,53,3.45,3.27,3.45,3.32,2.33,2.22,48,2,1.92,1.93,1.85,30,0.25,2,1.93,1.97,1.9,3.24,3.5,2.35
E1,19/11/16,Reading,Burton,3,0,H,2,0,H,K Stroud,10,17,3,5,11,6,3,4,3,1,0,0,2.05,3.5,4,1.87,3.5,3.9,1.95,3.2,3.55,2,3.3,3.8,2.05,3.51,3.96,2.05,3.5,3.8,2.05,3.5,4,53,2.08,2.01,3.51,3.37,4.45,3.8,48,2.2,2.07,1.8,1.72,30,-0.5,2.06,2,1.9,1.83,2.1,3.56,3.8
E1,20/11/16,Leeds,Newcastle,0,2,A,0,1,A,G Scott,12,10,4,5,12,11,10,6,1,1,0,0,4,3.3,2.1,3.9,3.4,1.9,3.45,3.15,2,3.6,3.3,2.05,3.78,3.44,2.13,4,3.2,2.1,3.8,3.4,2.1,52,4,3.71,3.5,3.3,2.15,2.06,45,2.11,2.02,1.83,1.76,30,0.5,1.84,1.77,2.13,2.05,3.97,3.47,2.08
E1,25/11/16,Barnsley,Nott'm Forest,2,5,A,2,3,A,O Langford,19,9,6,7,14,15,6,2,0,1,1,0,2.45,3.5,3,2.4,3.25,2.8,2.25,3.2,2.8,2.4,3.4,3.1,2.44,3.33,3.22,2.4,3.4,3,2.4,3.6,3,48,2.45,2.38,3.6,3.34,3.25,2.99,44,1.81,1.73,2.17,2.06,26,-0.25,2.07,2.02,1.86,1.81,2.33,3.54,3.24
E1,26/11/16,Aston Villa,Cardiff,3,1,H,2,1,H,G Eltringham,11,7,4,3,9,21,2,6,3,4,0,1,1.83,3.6,5,1.75,3.3,4.75,1.75,3.3,4.3,1.8,3.4,4.75,1.82,3.59,5.07,1.83,3.6,4.5,1.85,3.6,4.8,47,1.91,1.81,3.6,3.46,5.07,4.64,43,2.2,2.1,1.76,1.7,25,-0.75,2.12,2.05,1.83,1.77,2.12,3.31,4.07
E1,26/11/16,Brentford,Birmingham,1,2,A,0,1,A,A Madley,22,12,11,5,10,11,9,2,2,2,0,0,2.2,3.4,3.6,2.2,3.2,3.2,2.05,3.15,3.25,2.15,3.3,3.4,2.19,3.5,3.53,2.2,3.3,3.5,2.2,3.5,3.5,48,2.25,2.16,3.5,3.34,3.6,3.39,45,2,1.91,1.98,1.85,27,-0.25,1.9,1.84,2.04,1.97,2.12,3.53,3.77
E1,26/11/16,Brighton,Fulham,2,1,H,0,1,A,K Stroud,12,14,4,5,14,12,3,7,3,5,0,0,1.95,3.5,4.33,1.9,3.3,4,1.85,3.3,3.85,1.85,3.4,4.33,1.92,3.56,4.51,2,3.4,4,1.95,3.5,4.33,48,2.02,1.91,3.56,3.44,4.51,4.07,45,2.09,2.01,1.85,1.77,26,-0.25,1.68,1.64,2.39,2.25,2,3.66,4.06
E1,26/11/16,Derby,Norwich,1,0,H,0,0,D,S Hooper,12,8,3,2,5,16,5,1,2,2,0,0,2.15,3.4,3.75,2.05,3.1,3.75,2,3.15,3.4,2.05,3.3,3.6,2.11,3.47,3.8,2.15,3.3,3.6,2.15,3.4,3.7,48,2.2,2.09,3.47,3.33,3.8,3.59,44,2.1,1.99,1.87,1.78,27,-0.25,1.83,1.79,2.13,2.04,2.13,3.6,3.67
E1,26/11/16,Ipswich,QPR,3,0,H,1,0,H,A Woolmer,16,12,9,5,13,17,4,4,1,2,0,0,2.4,3.2,3.4,2.25,3.1,3.2,2.2,2.9,3.15,2.3,3,3.4,2.34,3.15,3.57,2.4,3.1,3.3,2.4,3.2,3.4,48,2.4,2.31,3.2,3.07,3.57,3.35,39,2.55,2.4,1.59,1.53,27,-0.25,2.02,1.96,1.94,1.86,2.43,3.27,3.3
E1,26/11/16,Newcastle,Blackburn,0,1,A,0,0,D,D Coote,14,10,2,2,11,9,8,9,1,3,0,0,1.36,5,11,1.35,4.33,9,1.3,4.55,8.5,1.33,5,10,1.32,5.53,11.25,1.36,4.8,10,1.33,5.25,11,48,1.38,1.33,5.54,4.99,11.28,9.79,44,1.8,1.73,2.16,2.05,30,-1.5,2.06,1.98,1.92,1.83,1.35,5.69,9.54
E1,26/11/16,Preston,Burton,1,1,D,1,1,D,D Bond,18,11,6,3,13,7,8,5,3,2,0,0,2.15,3.4,3.75,1.95,3.3,3.75,1.95,3.15,3.5,2.05,3.3,3.75,2.09,3.45,3.89,2.15,3.25,3.75,2.1,3.5,3.8,48,2.15,2.05,3.5,3.33,4.12,3.7,41,2.25,2.13,1.75,1.67,26,-0.25,1.82,1.76,2.15,2.07,2.22,3.39,3.64
E1,26/11/16,Reading,Bristol City,2,1,H,2,0,H,T Robinson,14,25,6,7,11,13,3,6,2,2,0,0,2.4,3.4,3.2,2.3,3,3.2,2.2,3.1,2.95,2.3,3.4,2.9,2.39,3.53,3.09,2.4,3.25,3.2,2.4,3.5,3.1,48,2.4,2.33,3.53,3.32,3.3,3.06,45,2.03,1.91,1.97,1.85,27,-0.25,2.07,2,1.87,1.82,2.4,3.52,3.13
E1,26/11/16,Rotherham,Leeds,1,2,A,0,2,A,S Attwell,12,13,3,3,13,8,6,4,0,2,1,0,3.9,3.5,2.05,3.9,3.4,1.9,3.5,3.25,1.95,3.4,3.4,2.05,3.66,3.57,2.12,3.8,3.3,2.1,3.6,3.6,2.1,48,3.95,3.63,3.6,3.42,2.12,2.04,45,1.95,1.87,1.99,1.9,26,0.5,1.85,1.78,2.13,2.04,3.9,3.66,2.04
E1,26/11/16,Wolves,Sheffield Weds,0,2,A,0,2,A,J Simpson,11,9,3,6,13,14,8,5,3,1,0,0,2.75,3.2,2.88,2.7,2.95,2.7,2.55,2.95,2.65,2.62,3,2.8,2.75,3.17,2.89,2.7,3.1,2.9,2.7,3.2,2.9,48,2.85,2.67,3.2,3.11,2.9,2.77,39,2.32,2.22,1.68,1.62,26,-0.25,2.35,2.25,1.71,1.64,3.09,3.28,2.55
E1,28/11/16,Huddersfield,Wigan,1,2,A,0,1,A,T Harrington,19,9,5,4,9,9,9,1,2,3,0,0,2,3.2,4,1.91,3.25,4,1.9,3.15,3.8,1.95,3.3,4,2.03,3.38,4.23,2,3.3,4.2,1.95,3.4,4.1,47,2.03,1.96,3.4,3.3,4.4,4.04,38,2.36,2.21,1.67,1.62,25,-0.25,1.74,1.66,2.31,2.21,1.97,3.53,4.36
E1,01/12/16,QPR,Wolves,1,2,A,0,0,D,T Robinson,16,15,3,9,17,19,7,5,1,3,1,0,2.38,3.2,3,2.3,3.2,3,2.3,3.1,2.85,2.4,3.1,3,2.54,3.28,3.06,2.4,3.1,3.1,2.4,3.3,3,45,2.61,2.4,3.4,3.2,3.1,2.97,38,2.28,2.18,1.71,1.64,25,-0.25,2.16,2.05,1.82,1.77,2.6,3.36,2.95
E1,02/12/16,Nott'm Forest,Newcastle,2,1,H,0,1,A,S Martin,17,6,9,3,17,10,6,1,2,3,0,2,4.75,3.75,1.83,4.4,3.6,1.83,4.2,3.45,1.7,4.5,3.75,1.83,4.82,3.8,1.82,4.33,3.75,1.85,4.6,3.8,1.83,44,4.82,4.44,3.8,3.65,1.85,1.8,41,1.9,1.81,2.13,1.97,25,0.75,1.87,1.81,2.11,2.02,4.73,3.97,1.79
E1,03/12/16,Birmingham,Barnsley,0,3,A,0,1,A,D Coote,13,16,4,6,19,18,6,6,2,2,1,0,2,3.75,3.8,1.83,3.5,4,1.9,3.35,3.45,2,3.5,3.6,2.05,3.61,3.84,2,3.6,3.8,2.05,3.75,3.75,45,2.05,1.98,3.75,3.52,4,3.69,41,1.9,1.82,2.1,1.96,25,-0.5,2.06,1.98,1.95,1.85,2.18,3.58,3.55
E1,03/12/16,Blackburn,Huddersfield,1,1,D,1,1,D,S Hooper,9,29,2,8,12,11,2,13,3,2,0,0,2.7,3.25,2.9,2.4,3.2,2.85,2.5,3,2.65,2.62,3.1,2.75,2.69,3.27,2.87,2.7,3.2,2.8,2.7,3.3,2.88,44,2.7,2.59,3.3,3.16,2.9,2.8,39,2.23,2.14,1.75,1.68,25,-0.25,2.3,2.2,1.71,1.67,2.82,3.35,2.73
E1,03/12/16,Bristol City,Ipswich,2,0,H,1,0,H,S Attwell,11,10,3,3,11,15,4,0,2,0,0,0,2.1,3.4,3.9,1.95,3.3,3.75,2,3.15,3.5,2,3.3,3.8,2.05,3.44,4.06,2.1,3.3,3.8,2.1,3.4,3.9,44,2.13,2.04,3.45,3.33,4.06,3.72,40,2.17,2.06,1.81,1.74,25,-0.25,1.83,1.75,2.19,2.08,2.09,3.4,4.04
E1,03/12/16,Burton,Rotherham,2,1,H,1,0,H,C Kavanagh,16,14,4,2,13,14,7,3,1,1,0,0,1.8,3.75,5,1.7,3.6,4.6,1.65,3.55,4.4,1.73,3.75,4.5,1.76,3.89,4.98,1.8,3.75,4.5,1.8,3.8,4.8,45,1.8,1.74,3.89,3.72,5.05,4.66,41,1.9,1.82,2.06,1.96,26,-0.75,2.02,1.95,1.95,1.87,1.69,4.06,5.35
E1,03/12/16,Cardiff,Brighton,0,0,D,0,0,D,R East,10,12,2,4,15,20,1,6,3,2,0,1,3.1,3.3,2.5,3,3.2,2.3,2.9,3,2.3,3,3.1,2.4,3.24,3.25,2.45,3.2,3.2,2.4,3.1,3.3,2.5,45,3.24,3.05,3.3,3.16,2.5,2.41,36,2.32,2.22,1.69,1.62,26,0.25,1.85,1.78,2.13,2.06,3.31,3.33,2.4
E1,03/12/16,Fulham,Reading,5,0,H,1,0,H,O Langford,24,3,12,2,10,16,7,2,1,4,0,1,2,3.7,3.9,1.91,3.5,3.7,1.9,3.35,3.6,1.91,3.5,3.8,1.96,3.64,4.15,2.05,3.5,3.75,1.95,3.7,4.1,45,2.05,1.95,3.7,3.52,4.2,3.83,42,1.92,1.84,2.03,1.94,25,-0.25,1.73,1.68,2.28,2.19,1.92,3.75,4.31
E1,03/12/16,Leeds,Aston Villa,2,0,H,0,0,D,P Bankes,10,10,4,3,15,9,4,5,2,3,0,0,2.75,3.2,2.88,2.65,3.1,2.85,2.5,2.95,2.65,2.7,3,2.8,2.82,3.09,2.88,2.8,3.1,2.8,2.7,3.25,2.88,44,2.82,2.66,3.25,3.1,2.88,2.78,34,2.39,2.23,1.69,1.62,25,-0.25,2.37,2.26,1.71,1.64,2.97,3.16,2.72
E1,03/12/16,Norwich,Brentford,5,0,H,2,0,H,G Eltringham,20,14,11,4,13,7,0,4,1,0,0,0,1.91,3.75,4.33,1.91,3.4,3.8,1.8,3.45,3.8,1.85,3.5,4,1.92,3.72,4.26,1.91,3.6,4.2,1.93,3.75,4.1,45,1.95,1.89,3.75,3.6,4.33,3.99,40,1.8,1.73,2.15,2.06,25,-0.75,2.19,2.1,1.8,1.74,1.99,3.74,4
E1,03/12/16,Sheffield Weds,Preston,2,1,H,1,0,H,S Duncan,9,15,4,3,10,6,3,6,1,0,1,2,1.8,3.6,5.25,1.75,3.5,4.5,1.7,3.35,4.55,1.75,3.4,5,1.76,3.62,5.56,1.8,3.5,5,1.83,3.6,5,45,1.83,1.76,3.62,3.49,5.56,4.91,40,2.25,2.14,1.74,1.68,26,-0.75,2.07,2,1.92,1.83,1.92,3.57,4.58
E1,03/12/16,Wigan,Derby,0,1,A,0,1,A,A Madley,17,4,2,1,9,9,9,2,1,3,0,0,3.5,3.3,2.3,3.2,3.2,2.2,3.25,3,2.15,3.4,3.1,2.2,3.67,3.26,2.24,3.4,3.2,2.3,3.5,3.3,2.3,45,3.67,3.39,3.3,3.19,2.31,2.23,36,2.42,2.29,1.63,1.59,26,0.25,2.01,1.92,1.96,1.9,3.64,3.33,2.25
E1,09/12/16,Brighton,Leeds,2,0,H,1,0,H,P Tierney,18,2,7,0,13,12,7,1,1,3,0,1,1.85,3.5,5,1.8,3.5,4.25,1.8,3.15,4.2,1.85,3.5,4.6,1.82,3.61,5.14,1.85,3.4,5,1.85,3.6,4.8,51,1.91,1.84,3.61,3.42,5.14,4.62,47,2.36,2.25,1.7,1.63,26,-0.5,1.89,1.83,2.09,2.02,1.82,3.61,5.18
E1,10/12/16,Aston Villa,Wigan,1,0,H,0,0,D,J Linington,15,6,5,0,7,16,4,5,2,4,0,0,1.73,3.75,5.5,1.75,3.2,5,1.65,3.35,4.7,1.73,3.4,5.25,1.75,3.67,5.55,1.75,3.5,5.5,1.75,3.75,5.4,51,1.8,1.74,3.75,3.52,5.55,5.08,43,2.3,2.19,1.71,1.64,25,-0.5,1.79,1.72,2.22,2.15,1.71,3.81,5.81
E1,10/12/16,Barnsley,Norwich,2,1,H,2,0,H,A Woolmer,8,18,3,7,12,8,3,7,0,0,0,0,3.4,3.6,2.2,3.25,3.25,2.15,3,3.3,2.1,3.2,3.5,2.2,3.29,3.62,2.25,3.3,3.4,2.25,3.3,3.6,2.25,52,3.4,3.21,3.62,3.43,2.32,2.2,49,1.77,1.71,2.2,2.09,24,0.25,2,1.94,1.96,1.89,3.33,3.67,2.24
E1,10/12/16,Brentford,Burton,2,1,H,1,1,D,D Coote,11,8,5,2,21,8,8,3,5,4,0,0,2.05,3.6,3.8,2,3.4,3.5,1.95,3.25,3.4,2,3.4,3.6,2.06,3.56,3.79,2.1,3.5,3.5,2.1,3.6,3.75,51,2.16,2.04,3.6,3.45,3.81,3.6,49,1.97,1.87,1.99,1.91,26,-0.25,1.81,1.75,2.17,2.1,2.05,3.69,3.82
E1,10/12/16,Huddersfield,Bristol City,2,1,H,1,1,D,K Stroud,17,7,5,2,15,17,8,2,2,2,0,0,2.25,3.4,3.5,2.3,3.2,3,2.15,3.1,3.15,2.25,3.2,3.25,2.34,3.32,3.37,2.3,3.3,3.3,2.3,3.4,3.3,51,2.34,2.26,3.4,3.25,3.5,3.26,48,2.13,2.04,1.82,1.75,25,-0.25,2.02,1.93,1.95,1.9,2.19,3.46,3.64
E1,10/12/16,Ipswich,Cardiff,1,1,D,0,1,A,J Adcock,11,13,3,3,9,8,5,5,2,4,0,1,2.4,3.2,3.4,2.4,3.1,2.95,2.25,2.95,3.05,2.38,3,3.2,2.44,3.16,3.34,2.5,3,3.2,2.45,3.2,3.3,51,2.5,2.39,3.25,3.09,3.4,3.19,42,2.5,2.38,1.61,1.55,27,-0.25,2.08,2.02,1.87,1.82,2.47,3.18,3.32
E1,10/12/16,Newcastle,Birmingham,4,0,H,2,0,H,A Davies,20,5,10,2,17,8,7,1,2,1,0,0,1.45,4.75,8,1.45,4,7.25,1.4,4.1,6.25,1.44,4.33,7,1.45,4.68,8.21,1.5,4.33,7,1.45,4.75,7.5,51,1.5,1.45,4.75,4.36,8.25,7.32,48,1.84,1.76,2.14,2.03,27,-1,1.79,1.73,2.23,2.12,1.43,4.96,8.33
E1,10/12/16,Preston,Blackburn,3,2,H,2,1,H,K Friend,15,17,4,6,16,12,7,7,1,2,0,0,2.1,3.4,4,2.05,3.2,3.6,2,3.1,3.45,2.05,3.2,3.8,2.09,3.34,4.04,2.1,3.3,3.8,2.1,3.4,3.9,51,2.15,2.07,3.4,3.28,4.04,3.72,43,2.29,2.2,1.69,1.64,26,-0.5,2.12,2.05,1.87,1.79,2.2,3.37,3.72
E1,10/12/16,Reading,Sheffield Weds,2,1,H,0,0,D,T Harrington,12,18,4,3,13,16,1,4,3,5,0,0,2.8,3.3,2.75,2.7,3.2,2.5,2.65,3,2.5,2.75,3.1,2.62,2.86,3.28,2.69,2.8,3.1,2.8,2.8,3.3,2.75,51,2.86,2.77,3.3,3.17,2.8,2.63,46,2.27,2.14,1.76,1.68,26,0,2.08,1.97,1.96,1.88,2.93,3.32,2.65
E1,10/12/16,Rotherham,QPR,1,0,H,1,0,H,J Simpson,17,15,10,5,9,15,5,5,3,3,0,0,3.4,3.4,2.3,3.2,3.2,2.2,3.05,3.2,2.15,3.1,3.3,2.25,3.27,3.54,2.29,3.3,3.3,2.3,3.25,3.4,2.3,51,3.4,3.19,3.54,3.34,2.38,2.25,49,1.98,1.86,2.01,1.92,25,0.25,1.95,1.89,2.01,1.94,3.29,3.52,2.31
E1,10/12/16,Wolves,Fulham,4,4,D,1,3,A,D Bond,20,25,7,12,11,5,7,9,4,3,0,0,2.88,3.4,2.63,2.7,3.2,2.5,2.65,3.15,2.4,2.7,3.25,2.6,2.83,3.4,2.65,2.8,3.3,2.62,2.8,3.4,2.63,51,2.9,2.76,3.42,3.3,2.66,2.55,49,1.96,1.87,1.98,1.9,26,0,2.09,1.98,1.92,1.86,2.69,3.57,2.72
E1,11/12/16,Derby,Nott'm Forest,3,0,H,1,0,H,C Kavanagh,18,7,5,3,9,17,5,2,3,5,0,0,1.73,3.6,4.75,1.75,3.6,5,1.65,3.45,4.5,1.75,3.5,4.75,1.82,3.66,4.96,1.8,3.5,5,1.83,3.75,4.8,50,1.83,1.76,3.75,3.57,5.3,4.76,48,2.05,1.96,1.9,1.82,23,-0.75,2.07,2,1.91,1.84,1.77,3.69,5.42
E1,13/12/16,Birmingham,Ipswich,2,1,H,1,0,H,D Bond,11,12,4,3,18,11,8,8,3,2,0,0,2.38,3.2,3.4,2.35,3.1,3,2.2,2.95,3.1,2.3,3,3.4,2.36,3.18,3.54,2.3,3.2,3.4,2.38,3.25,3.4,48,2.45,2.31,3.25,3.13,3.54,3.31,44,2.5,2.35,1.63,1.57,23,-0.25,2,1.95,1.94,1.88,2.24,3.29,3.72
E1,13/12/16,Blackburn,Brighton,2,3,A,0,1,A,O Langford,12,18,4,10,11,9,4,2,2,3,1,0,4.2,3.5,2,3.75,3.3,1.95,3.8,3.15,1.9,4,3.3,1.95,4.29,3.45,2.01,4,3.4,2,4.2,3.5,2,48,4.29,4,3.57,3.35,2.1,1.98,45,2.34,2.22,1.73,1.64,21,0.5,1.93,1.89,2.01,1.95,3.79,3.41,2.15
E1,13/12/16,Bristol City,Brentford,0,1,A,0,0,D,A Woolmer,18,13,3,5,9,9,6,5,2,0,0,0,2.1,3.75,3.5,2.05,3.4,3.4,2,3.35,3.2,2.1,3.4,3.3,2.2,3.61,3.46,2.15,3.5,3.5,2.15,3.75,3.4,47,2.25,2.12,3.75,3.52,3.6,3.35,44,1.8,1.71,2.2,2.1,22,-0.25,1.9,1.85,2.05,2,2.09,3.68,3.7
E1,13/12/16,Burton,Huddersfield,0,1,A,0,0,D,D Adcock,12,10,2,6,15,14,6,2,3,3,0,0,2.9,3.3,2.63,2.55,3.25,2.65,2.7,3.05,2.45,2.88,3.1,2.5,3.04,3.21,2.63,2.88,3.25,2.6,2.9,3.4,2.6,48,3.04,2.85,3.4,3.19,2.75,2.57,45,2.27,2.13,1.77,1.69,24,0,2.12,2.04,1.85,1.81,2.97,3.29,2.64
E1,13/12/16,Cardiff,Wolves,2,1,H,0,1,A,A Madley,16,4,4,3,10,16,7,2,2,1,0,0,2.4,3.4,3.2,2.3,3.3,2.9,2.25,3.1,2.95,2.3,3.3,3.1,2.36,3.44,3.27,2.38,3.25,3.2,2.38,3.4,3.25,48,2.47,2.33,3.44,3.32,3.27,3.1,45,2.18,2.07,1.82,1.73,23,-0.25,2.05,1.98,1.9,1.86,2.32,3.45,3.35
E1,13/12/16,Fulham,Rotherham,2,1,H,1,1,D,S Martin,30,8,11,6,10,12,14,2,0,1,0,0,1.44,5,7.5,1.4,4.6,6.75,1.35,4.5,6.25,1.4,4.75,7.5,1.43,5.09,7.98,1.44,4.8,7,1.4,5,8,48,1.45,1.41,5.09,4.8,8.12,7.25,41,1.53,1.49,2.76,2.55,25,-1,1.65,1.61,2.4,2.31,1.36,5.73,9.03
E1,13/12/16,Leeds,Reading,2,0,H,1,0,H,G Eltringham,12,14,4,2,8,16,0,6,1,1,0,0,2.2,3.4,3.6,2.15,3.3,3.2,2.05,3.15,3.35,2.1,3.2,3.6,2.15,3.39,3.82,2.2,3.3,3.5,2.15,3.4,3.75,48,2.26,2.13,3.42,3.31,3.82,3.54,45,2.2,2.09,1.8,1.71,24,-0.25,1.87,1.81,2.09,2.04,2.05,3.45,4.15
E1,13/12/16,Norwich,Aston Villa,1,0,H,0,0,D,T Robinson,15,7,3,1,17,14,8,1,1,0,0,0,2.38,3.3,3.3,2.35,3.2,2.9,2.2,3.15,2.95,2.38,3.25,3.25,2.37,3.34,3.34,2.4,3.2,3.2,2.3,3.4,3.3,48,2.45,2.32,3.4,3.27,3.4,3.16,46,2.14,2.03,1.83,1.76,23,-0.25,2.04,1.97,1.92,1.87,2.26,3.37,3.56
E1,13/12/16,Sheffield Weds,Barnsley,2,0,H,1,0,H,P Bankes,13,16,3,5,17,14,3,5,2,1,0,1,1.73,3.75,5.5,1.65,3.7,5,1.65,3.55,4.6,1.7,3.6,5,1.74,3.85,5.41,1.75,3.75,5,1.75,3.8,5,48,1.78,1.71,3.85,3.7,5.5,4.96,46,1.92,1.83,2.04,1.95,22,-1,2.37,2.26,1.7,1.64,1.84,3.76,4.76
E1,14/12/16,Nott'm Forest,Preston,1,1,D,0,1,A,T Harrington,19,18,9,8,11,7,6,3,2,2,0,0,2.4,3.4,3.2,2.25,3.3,3,2.25,3.15,2.85,2.4,3.2,2.9,2.53,3.32,3.05,2.4,3.2,3.2,2.5,3.4,3,48,2.53,2.39,3.47,3.31,3.2,2.98,46,2,1.91,1.99,1.87,24,-0.25,2.15,2.07,1.83,1.78,2.47,3.4,3.11
E1,14/12/16,QPR,Derby,0,1,A,0,0,D,D Coote,15,9,5,3,12,6,10,2,0,2,0,0,3.75,3.5,2.1,3.5,3.4,2,3.25,3.15,2.05,3.5,3.3,2.1,3.66,3.42,2.18,3.4,3.3,2.25,3.7,3.5,2.15,48,3.75,3.45,3.5,3.34,2.25,2.15,45,2.22,2.14,1.75,1.69,21,0.25,2.06,2,1.88,1.82,3.5,3.42,2.26
E1,14/12/16,Wigan,Newcastle,0,2,A,0,1,A,S Hooper,9,11,1,8,12,8,5,6,0,1,0,0,5.75,4,1.67,4.6,3.8,1.67,4.95,3.55,1.6,5.25,3.75,1.65,6.13,3.89,1.65,5,4,1.7,5.75,4,1.67,48,6.14,5.43,4,3.76,1.72,1.66,46,2.08,1.98,1.9,1.8,23,1,1.74,1.69,2.28,2.15,5.31,3.91,1.74
E1,16/12/16,Norwich,Huddersfield,1,2,A,1,2,A,J Linington,17,10,5,4,12,7,8,3,2,2,0,0,1.85,3.7,4.6,1.85,3.6,4.6,1.9,3.45,3.8,1.85,3.75,4.33,1.82,3.73,4.93,1.85,3.6,4.5,1.83,3.7,4.75,49,1.91,1.84,3.75,3.57,4.93,4.44,43,2.04,1.94,1.92,1.84,27,-0.5,1.89,1.81,2.11,2.04,2.12,3.32,4.04
E1,17/12/16,Birmingham,Brighton,1,2,A,0,0,D,A Madley,12,13,4,4,9,11,1,4,1,0,0,0,3.9,3.3,2.15,3.75,3.25,2.1,3.5,3.05,2,3.75,3.25,2.05,3.9,3.36,2.12,3.75,3.1,2.2,4,3.3,2.1,49,4,3.71,3.36,3.24,2.22,2.11,38,2.39,2.3,1.65,1.59,25,0.5,1.83,1.77,2.13,2.07,4.28,3.34,2.05
E1,17/12/16,Blackburn,Reading,2,3,A,1,1,D,J Simpson,19,13,12,6,13,11,8,6,1,1,0,0,2.63,3.4,2.88,2.55,3.25,2.6,2.4,3.1,2.7,2.5,3.2,2.8,2.61,3.34,2.92,2.62,3.3,2.8,2.6,3.4,2.9,49,2.66,2.54,3.41,3.26,2.92,2.82,42,2.12,2.05,1.83,1.75,25,0,1.85,1.81,2.09,2.03,2.43,3.47,3.12
E1,17/12/16,Bristol City,Preston,1,2,A,0,1,A,S Hooper,21,19,6,5,8,8,3,3,0,3,0,0,2.2,3.5,3.5,2.05,3.4,3.3,2.1,3.2,3.15,2.1,3.4,3.4,2.16,3.52,3.59,2.2,3.4,3.4,2.2,3.5,3.5,49,2.2,2.14,3.52,3.4,3.75,3.41,43,2,1.93,1.92,1.86,27,-0.25,1.9,1.84,2.05,1.99,2.06,3.55,3.96
E1,17/12/16,Burton,Newcastle,1,2,A,1,2,A,L Probert,15,9,3,4,5,10,7,5,2,1,0,0,6,4,1.65,5.75,3.9,1.53,5,3.65,1.55,5.5,3.8,1.62,5.91,4.01,1.65,6,3.6,1.67,6,4,1.65,48,6.03,5.64,4.01,3.87,1.67,1.62,42,2.02,1.93,1.91,1.85,28,1,1.8,1.76,2.19,2.09,5.69,3.84,1.72
E1,17/12/16,Cardiff,Barnsley,3,4,A,1,3,A,T Harrington,22,10,10,5,19,14,12,3,1,4,0,0,2.15,3.5,3.6,2.05,3.5,3.25,2,3.25,3.3,2.05,3.3,3.6,2.09,3.5,3.82,2.2,3.4,3.4,2.1,3.5,3.75,48,2.2,2.09,3.55,3.42,3.82,3.54,42,2.03,1.95,1.9,1.84,26,-0.25,1.88,1.8,2.13,2.07,2.01,3.59,4.11
E1,17/12/16,Fulham,Derby,2,2,D,1,1,D,A Woolmer,18,7,6,2,16,12,4,4,3,1,0,0,2.3,3.5,3.3,2.3,3.3,2.95,2.15,3.25,3,2.25,3.3,3.1,2.33,3.47,3.24,2.3,3.4,3.2,2.3,3.5,3,49,2.35,2.27,3.52,3.37,3.3,3.15,43,1.93,1.85,2.02,1.93,27,-0.25,2.02,1.96,1.94,1.87,2.41,3.39,3.23
E1,17/12/16,Leeds,Brentford,1,0,H,0,0,D,D Bond,6,10,1,4,11,6,5,7,1,1,0,0,2.25,3.5,3.4,2.05,3.4,3.3,2.1,3.2,3.1,2.2,3.3,3.2,2.27,3.48,3.31,2.25,3.3,3.4,2.2,3.5,3.3,48,2.28,2.2,3.5,3.38,3.5,3.28,42,2,1.93,1.92,1.86,26,-0.25,1.97,1.92,2,1.93,2.24,3.44,3.54
E1,17/12/16,Nott'm Forest,Wolves,0,2,A,0,1,A,G Scott,10,12,2,5,21,16,5,2,2,3,0,0,2.6,3.5,2.8,2.35,3.4,2.75,2.35,3.25,2.7,2.4,3.4,2.75,2.56,3.55,2.83,2.2,3.5,2.8,2.5,3.5,2.9,49,2.6,2.46,3.57,3.41,2.95,2.8,43,1.87,1.81,2.06,1.99,25,0,1.85,1.8,2.11,2.04,2.68,3.49,2.78
E1,17/12/16,Sheffield Weds,Rotherham,1,0,H,0,0,D,T Robinson,23,9,6,2,13,22,7,9,1,2,0,1,1.36,5.25,10,1.36,4.33,8.5,1.3,4.5,7.75,1.36,4.75,9,1.38,5.13,9.56,1.4,4.8,8.5,1.36,5,10,49,1.4,1.36,5.25,4.83,10,8.98,39,1.75,1.67,2.26,2.17,29,-1.5,2.09,2,1.88,1.82,1.44,4.81,8.42
E1,17/12/16,Wigan,Ipswich,2,3,A,1,1,D,K Stroud,17,12,8,4,10,15,5,4,3,3,0,0,2.45,3.2,3.3,2.45,3.1,2.9,2.3,2.9,3.05,2.38,3,3.25,2.43,3.13,3.41,2.5,3,3.25,2.45,3.2,3.3,49,2.55,2.41,3.2,3.05,3.41,3.22,38,2.69,2.53,1.55,1.5,26,-0.25,2.08,2.03,1.88,1.82,2.45,3.12,3.42
E1,18/12/16,QPR,Aston Villa,0,1,A,0,0,D,G Eltringham,9,18,0,7,12,10,2,8,1,3,0,0,3.5,3.3,2.3,3.3,3.2,2.3,3.2,3.2,2.2,3.3,3.2,2.25,3.42,3.3,2.33,3.5,3.1,2.3,3.5,3.3,2.3,50,3.65,3.34,3.35,3.21,2.34,2.26,39,2.36,2.27,1.65,1.6,24,0.25,1.96,1.91,1.99,1.93,3.17,3.28,2.5
E1,26/12/16,Aston Villa,Burton,2,1,H,1,1,D,S Martin,6,11,3,5,9,8,2,8,0,2,0,0,1.62,3.75,5.5,1.65,3.75,5,1.6,3.5,5.25,1.62,3.6,5.75,1.65,3.84,6.24,1.62,3.8,6,1.62,3.8,6,42,1.68,1.63,3.9,3.74,6.5,5.73,36,2.25,2.15,1.77,1.68,29,-1,2.26,2.15,1.79,1.71,1.76,3.71,5.5
E1,26/12/16,Barnsley,Blackburn,2,0,H,1,0,H,A Madley,15,19,4,7,17,17,0,9,1,2,0,1,2.1,3.5,3.3,2.15,3.3,3.3,2.1,3.25,3.1,2.15,3.4,3.3,2.19,3.58,3.45,2.25,3.3,3.4,2.2,3.5,3.25,42,2.28,2.18,3.58,3.45,3.5,3.27,39,1.91,1.81,2.08,1.98,27,-0.25,1.96,1.88,2.04,1.95,2.25,3.71,3.27
E1,26/12/16,Brentford,Cardiff,2,2,D,0,1,A,S Hooper,19,13,7,6,14,13,9,3,3,2,0,0,2.15,3.4,3.3,2.1,3.4,3.3,2.1,3.25,3.1,2.15,3.3,3.3,2.19,3.55,3.49,2.25,3.3,3.4,2.2,3.5,3.25,41,2.29,2.18,3.55,3.43,3.55,3.29,38,1.98,1.88,1.97,1.91,26,-0.25,1.97,1.89,2.02,1.93,2.23,3.49,3.5
E1,26/12/16,Huddersfield,Nott'm Forest,2,1,H,0,1,A,C Kavanagh,16,5,4,2,7,14,5,1,1,3,0,1,1.67,3.8,5,1.72,3.6,4.75,1.65,3.5,4.55,1.75,3.6,4.5,1.79,3.81,4.88,1.75,3.75,5,1.75,3.75,4.75,42,1.83,1.74,3.85,3.72,5.1,4.73,39,2.04,1.94,1.94,1.85,27,-0.75,2.05,1.97,1.91,1.85,1.81,3.84,4.87
E1,26/12/16,Ipswich,Fulham,0,2,A,0,1,A,O Langford,3,15,0,6,14,11,4,7,2,1,0,0,3,3.4,2.3,2.9,3.3,2.35,2.9,3.15,2.25,3.1,3.2,2.3,3.32,3.28,2.38,3.1,3.2,2.5,3.1,3.4,2.3,42,3.32,3.1,3.44,3.27,2.51,2.34,39,2.08,1.99,1.88,1.8,27,0.25,1.91,1.83,2.09,2,3.25,3.44,2.37
E1,26/12/16,Newcastle,Sheffield Weds,0,1,A,0,0,D,P Tierney,9,13,4,5,11,23,11,5,1,6,0,0,1.57,4,5.5,1.65,3.75,5,1.6,3.5,5.25,1.62,3.6,5.75,1.65,3.89,6.21,1.67,3.8,5.5,1.62,3.8,6,41,1.7,1.64,4,3.76,6.21,5.62,38,2.2,2.12,1.8,1.7,28,-1,2.28,2.17,1.74,1.7,1.8,3.59,5.4
E1,26/12/16,Preston,Leeds,1,4,A,1,3,A,J Simpson,10,11,4,6,14,15,2,4,2,3,1,0,2.38,3.2,3,2.5,2.95,3,2.35,3,2.9,2.4,3,3.1,2.57,3.1,3.19,2.5,3.1,3.2,2.45,3.2,3,42,2.62,2.46,3.3,3.12,3.2,3.05,34,2.41,2.28,1.69,1.6,27,-0.25,2.22,2.09,1.82,1.76,2.49,3.16,3.31
E1,26/12/16,Reading,Norwich,3,1,H,1,0,H,A Davies,14,13,7,3,12,14,5,6,2,2,0,1,2.75,3.3,2.5,2.7,3.3,2.5,2.65,3.1,2.45,2.8,3.25,2.5,2.95,3.38,2.56,2.9,3.2,2.62,2.8,3.4,2.5,42,2.95,2.81,3.4,3.27,2.75,2.55,39,2.1,2.02,1.87,1.78,27,0.25,1.76,1.69,2.32,2.17,3.13,3.39,2.47
E1,26/12/16,Rotherham,Wigan,3,2,H,3,0,H,D Coote,17,10,5,3,11,10,7,6,3,2,0,0,2.88,3.4,2.38,2.85,3.3,2.4,2.8,3.1,2.35,2.9,3.3,2.4,3.02,3.47,2.46,3.2,3.1,2.5,2.88,3.4,2.45,42,3.2,2.93,3.47,3.32,2.52,2.42,39,2.16,2.05,1.85,1.75,27,0.25,1.84,1.76,2.16,2.09,3.04,3.39,2.52
E1,26/12/16,Wolves,Bristol City,3,2,H,1,2,A,J Adcock,13,22,9,6,22,9,9,5,2,3,0,0,2.2,3.4,3.2,2.3,3.3,3,2.15,3.2,3.05,2.25,3.3,3.25,2.31,3.41,3.33,2.3,3.4,3.2,2.25,3.4,3.2,42,2.4,2.25,3.5,3.36,3.33,3.21,39,2.02,1.92,1.95,1.87,27,-0.25,2.02,1.93,1.97,1.9,2.29,3.59,3.27
E1,27/12/16,Brighton,QPR,3,0,H,1,0,H,K Stroud,24,12,10,3,15,12,13,5,0,1,0,1,1.5,4.33,8,1.48,4,7,1.4,3.9,6.5,1.48,4.33,8,1.47,4.53,8.44,1.44,4.2,9,1.44,4.4,8.5,52,1.51,1.47,4.53,4.23,9,7.43,49,2.12,2.04,1.86,1.75,29,-1,1.83,1.77,2.15,2.06,1.76,3.73,5.45
E1,27/12/16,Derby,Birmingham,1,0,H,0,0,D,G Scott,14,5,2,1,14,16,5,1,1,2,0,0,1.73,3.75,5.5,1.67,3.6,5.25,1.65,3.4,4.9,1.67,3.5,5.5,1.7,3.77,6.03,1.73,3.6,5.5,1.7,3.8,5.75,51,1.74,1.68,3.8,3.66,6.03,5.44,48,2.22,2.11,1.79,1.71,25,-0.75,1.93,1.88,2,1.95,1.46,4.6,8.55
E1,29/12/16,Aston Villa,Leeds,1,1,D,0,0,D,R East,11,12,5,2,15,15,4,7,3,3,0,0,1.91,3.4,4,1.95,3.3,3.9,1.95,3.15,3.65,2,3.3,3.8,2.07,3.37,4.08,2.1,3.3,3.8,2,3.4,3.9,47,2.1,2,3.52,3.36,4,3.82,44,2.3,2.21,1.7,1.65,27,-0.5,2.08,2.01,1.91,1.83,2.13,3.29,4.06
E1,29/12/16,Rotherham,Burton,1,2,A,1,2,A,T Harrington,21,11,9,4,12,14,7,3,3,4,0,0,3,3.4,2.3,2.85,3.3,2.4,2.8,3.15,2.3,2.9,3.3,2.4,2.98,3.36,2.55,2.9,3.25,2.45,3,3.4,2.4,48,3.07,2.93,3.4,3.27,2.56,2.42,47,2.13,2.04,1.83,1.76,25,0,2.2,2.1,1.81,1.76,3.05,3.4,2.51
